CNPJ_CIA;DT_REFER;VERSAO;DENOM_CIA;CD_CVM;GRUPO_DFP;MOEDA;ESCALA_MOEDA;ORDEM_EXERC;DT_INI_EXERC;DT_FIM_EXERC;CD_CONTA;DS_CONTA;VL_CONTA;ST_CONTA_FIXA
06.981.381/0001-13;2023-03-31;2;CTC - CENTRO DE TECNOLOGIA CANAVIEIRA S.A.;023981;DF Consolidado - Demonstração de Valor Adicionado;REAL;MIL;PENÚLTIMO;2021-04-01;2022-03-31;7.01;Receitas;453666.0000000000;S
06.981.381/0001-13;2023-03-31;2;CTC - CENTRO DE TECNOLOGIA CANAVIEIRA S.A.;023981;DF Consolidado - Demonstração de Valor Adicionado;REAL;MIL;ÚLTIMO;2022-04-01;2023-03-31;7.01;Receitas;393672.0000000000;S
06.981.381/0001-13;2023-03-31;2;CTC - CENTRO DE TECNOLOGIA CANAVIEIRA S.A.;023981;DF Consolidado - Demonstração de Valor Adicionado;REAL;MIL;PENÚLTIMO;2021-04-01;2022-03-31;7.01.01;Vendas de Mercadorias, Produtos e Serviços;441955.0000000000;S
06.981.381/0001-13;2023-03-31;2;CTC - CENTRO DE TECNOLOGIA CANAVIEIRA S.A.;023981;DF Consolidado - Demonstração de Valor Adicionado;REAL;MIL;ÚLTIMO;2022-04-01;2023-03-31;7.01.01;Vendas de Mercadorias, Produtos e Serviços;373778.0000000000;S
06.981.381/0001-13;2023-03-31;2;CTC - CENTRO DE TECNOLOGIA CANAVIEIRA S.A.;023981;DF Consolidado - Demonstração de Valor Adicionado;REAL;MIL;PENÚLTIMO;2021-04-01;2022-03-31;7.01.02;Outras Receitas;20376.0000000000;S
06.981.381/0001-13;2023-03-31;2;CTC - CENTRO DE TECNOLOGIA CANAVIEIRA S.A.;023981;DF Consolidado - Demonstração de Valor Adicionado;REAL;MIL;ÚLTIMO;2022-04-01;2023-03-31;7.01.02;Outras Receitas;27844.0000000000;S
06.981.381/0001-13;2023-03-31;2;CTC - CENTRO DE TECNOLOGIA CANAVIEIRA S.A.;023981;DF Consolidado - Demonstração de Valor Adicionado;REAL;MIL;PENÚLTIMO;2021-04-01;2022-03-31;7.01.03;Receitas refs. à Construção de Ativos Próprios;0.0000000000;S
06.981.381/0001-13;2023-03-31;2;CTC - CENTRO DE TECNOLOGIA CANAVIEIRA S.A.;023981;DF Consolidado - Demonstração de Valor Adicionado;REAL;MIL;ÚLTIMO;2022-04-01;2023-03-31;7.01.03;Receitas refs. à Construção de Ativos Próprios;0.0000000000;S
06.981.381/0001-13;2023-03-31;2;CTC - CENTRO DE TECNOLOGIA CANAVIEIRA S.A.;023981;DF Consolidado - Demonstração de Valor Adicionado;REAL;MIL;PENÚLTIMO;2021-04-01;2022-03-31;7.01.04;Provisão/Reversão de Créds. Liquidação Duvidosa;-8665.0000000000;S
06.981.381/0001-13;2023-03-31;2;CTC - CENTRO DE TECNOLOGIA CANAVIEIRA S.A.;023981;DF Consolidado - Demonstração de Valor Adicionado;REAL;MIL;ÚLTIMO;2022-04-01;2023-03-31;7.01.04;Provisão/Reversão de Créds. Liquidação Duvidosa;-7950.0000000000;S
06.981.381/0001-13;2023-03-31;2;CTC - CENTRO DE TECNOLOGIA CANAVIEIRA S.A.;023981;DF Consolidado - Demonstração de Valor Adicionado;REAL;MIL;PENÚLTIMO;2021-04-01;2022-03-31;7.02;Insumos Adquiridos de Terceiros;-98874.0000000000;S
06.981.381/0001-13;2023-03-31;2;CTC - CENTRO DE TECNOLOGIA CANAVIEIRA S.A.;023981;DF Consolidado - Demonstração de Valor Adicionado;REAL;MIL;ÚLTIMO;2022-04-01;2023-03-31;7.02;Insumos Adquiridos de Terceiros;-126346.0000000000;S
06.981.381/0001-13;2023-03-31;2;CTC - CENTRO DE TECNOLOGIA CANAVIEIRA S.A.;023981;DF Consolidado - Demonstração de Valor Adicionado;REAL;MIL;PENÚLTIMO;2021-04-01;2022-03-31;7.02.01;Custos Prods., Mercs. e Servs. Vendidos;-32611.0000000000;S
06.981.381/0001-13;2023-03-31;2;CTC - CENTRO DE TECNOLOGIA CANAVIEIRA S.A.;023981;DF Consolidado - Demonstração de Valor Adicionado;REAL;MIL;ÚLTIMO;2022-04-01;2023-03-31;7.02.01;Custos Prods., Mercs. e Servs. Vendidos;-45565.0000000000;S
06.981.381/0001-13;2023-03-31;2;CTC - CENTRO DE TECNOLOGIA CANAVIEIRA S.A.;023981;DF Consolidado - Demonstração de Valor Adicionado;REAL;MIL;PENÚLTIMO;2021-04-01;2022-03-31;7.02.02;Materiais, Energia, Servs. de Terceiros e Outros;4442.0000000000;S
06.981.381/0001-13;2023-03-31;2;CTC - CENTRO DE TECNOLOGIA CANAVIEIRA S.A.;023981;DF Consolidado - Demonstração de Valor Adicionado;REAL;MIL;ÚLTIMO;2022-04-01;2023-03-31;7.02.02;Materiais, Energia, Servs. de Terceiros e Outros;994.0000000000;S
06.981.381/0001-13;2023-03-31;2;CTC - CENTRO DE TECNOLOGIA CANAVIEIRA S.A.;023981;DF Consolidado - Demonstração de Valor Adicionado;REAL;MIL;PENÚLTIMO;2021-04-01;2022-03-31;7.02.03;Perda/Recuperação de Valores Ativos;-70705.0000000000;S
06.981.381/0001-13;2023-03-31;2;CTC - CENTRO DE TECNOLOGIA CANAVIEIRA S.A.;023981;DF Consolidado - Demonstração de Valor Adicionado;REAL;MIL;ÚLTIMO;2022-04-01;2023-03-31;7.02.03;Perda/Recuperação de Valores Ativos;-81775.0000000000;S
06.981.381/0001-13;2023-03-31;2;CTC - CENTRO DE TECNOLOGIA CANAVIEIRA S.A.;023981;DF Consolidado - Demonstração de Valor Adicionado;REAL;MIL;PENÚLTIMO;2021-04-01;2022-03-31;7.02.04;Outros;0.0000000000;S
06.981.381/0001-13;2023-03-31;2;CTC - CENTRO DE TECNOLOGIA CANAVIEIRA S.A.;023981;DF Consolidado - Demonstração de Valor Adicionado;REAL;MIL;ÚLTIMO;2022-04-01;2023-03-31;7.02.04;Outros;0.0000000000;S
06.981.381/0001-13;2023-03-31;2;CTC - CENTRO DE TECNOLOGIA CANAVIEIRA S.A.;023981;DF Consolidado - Demonstração de Valor Adicionado;REAL;MIL;PENÚLTIMO;2021-04-01;2022-03-31;7.03;Valor Adicionado Bruto;354792.0000000000;S
06.981.381/0001-13;2023-03-31;2;CTC - CENTRO DE TECNOLOGIA CANAVIEIRA S.A.;023981;DF Consolidado - Demonstração de Valor Adicionado;REAL;MIL;ÚLTIMO;2022-04-01;2023-03-31;7.03;Valor Adicionado Bruto;267326.0000000000;S
06.981.381/0001-13;2023-03-31;2;CTC - CENTRO DE TECNOLOGIA CANAVIEIRA S.A.;023981;DF Consolidado - Demonstração de Valor Adicionado;REAL;MIL;PENÚLTIMO;2021-04-01;2022-03-31;7.04;Retenções;-32178.0000000000;S
06.981.381/0001-13;2023-03-31;2;CTC - CENTRO DE TECNOLOGIA CANAVIEIRA S.A.;023981;DF Consolidado - Demonstração de Valor Adicionado;REAL;MIL;ÚLTIMO;2022-04-01;2023-03-31;7.04;Retenções;-38327.0000000000;S
06.981.381/0001-13;2023-03-31;2;CTC - CENTRO DE TECNOLOGIA CANAVIEIRA S.A.;023981;DF Consolidado - Demonstração de Valor Adicionado;REAL;MIL;PENÚLTIMO;2021-04-01;2022-03-31;7.04.01;Depreciação, Amortização e Exaustão;-32178.0000000000;S
06.981.381/0001-13;2023-03-31;2;CTC - CENTRO DE TECNOLOGIA CANAVIEIRA S.A.;023981;DF Consolidado - Demonstração de Valor Adicionado;REAL;MIL;ÚLTIMO;2022-04-01;2023-03-31;7.04.01;Depreciação, Amortização e Exaustão;-38327.0000000000;S
06.981.381/0001-13;2023-03-31;2;CTC - CENTRO DE TECNOLOGIA CANAVIEIRA S.A.;023981;DF Consolidado - Demonstração de Valor Adicionado;REAL;MIL;PENÚLTIMO;2021-04-01;2022-03-31;7.04.02;Outras;0.0000000000;S
06.981.381/0001-13;2023-03-31;2;CTC - CENTRO DE TECNOLOGIA CANAVIEIRA S.A.;023981;DF Consolidado - Demonstração de Valor Adicionado;REAL;MIL;ÚLTIMO;2022-04-01;2023-03-31;7.04.02;Outras;0.0000000000;S
06.981.381/0001-13;2023-03-31;2;CTC - CENTRO DE TECNOLOGIA CANAVIEIRA S.A.;023981;DF Consolidado - Demonstração de Valor Adicionado;REAL;MIL;PENÚLTIMO;2021-04-01;2022-03-31;7.05;Valor Adicionado Líquido Produzido;322614.0000000000;S
06.981.381/0001-13;2023-03-31;2;CTC - CENTRO DE TECNOLOGIA CANAVIEIRA S.A.;023981;DF Consolidado - Demonstração de Valor Adicionado;REAL;MIL;ÚLTIMO;2022-04-01;2023-03-31;7.05;Valor Adicionado Líquido Produzido;228999.0000000000;S
06.981.381/0001-13;2023-03-31;2;CTC - CENTRO DE TECNOLOGIA CANAVIEIRA S.A.;023981;DF Consolidado - Demonstração de Valor Adicionado;REAL;MIL;PENÚLTIMO;2021-04-01;2022-03-31;7.06;Vlr Adicionado Recebido em Transferência;24914.0000000000;S
06.981.381/0001-13;2023-03-31;2;CTC - CENTRO DE TECNOLOGIA CANAVIEIRA S.A.;023981;DF Consolidado - Demonstração de Valor Adicionado;REAL;MIL;ÚLTIMO;2022-04-01;2023-03-31;7.06;Vlr Adicionado Recebido em Transferência;40204.0000000000;S
06.981.381/0001-13;2023-03-31;2;CTC - CENTRO DE TECNOLOGIA CANAVIEIRA S.A.;023981;DF Consolidado - Demonstração de Valor Adicionado;REAL;MIL;PENÚLTIMO;2021-04-01;2022-03-31;7.06.01;Resultado de Equivalência Patrimonial;0.0000000000;S
06.981.381/0001-13;2023-03-31;2;CTC - CENTRO DE TECNOLOGIA CANAVIEIRA S.A.;023981;DF Consolidado - Demonstração de Valor Adicionado;REAL;MIL;ÚLTIMO;2022-04-01;2023-03-31;7.06.01;Resultado de Equivalência Patrimonial;0.0000000000;S
06.981.381/0001-13;2023-03-31;2;CTC - CENTRO DE TECNOLOGIA CANAVIEIRA S.A.;023981;DF Consolidado - Demonstração de Valor Adicionado;REAL;MIL;PENÚLTIMO;2021-04-01;2022-03-31;7.06.02;Receitas Financeiras;21938.0000000000;S
06.981.381/0001-13;2023-03-31;2;CTC - CENTRO DE TECNOLOGIA CANAVIEIRA S.A.;023981;DF Consolidado - Demonstração de Valor Adicionado;REAL;MIL;ÚLTIMO;2022-04-01;2023-03-31;7.06.02;Receitas Financeiras;45805.0000000000;S
06.981.381/0001-13;2023-03-31;2;CTC - CENTRO DE TECNOLOGIA CANAVIEIRA S.A.;023981;DF Consolidado - Demonstração de Valor Adicionado;REAL;MIL;PENÚLTIMO;2021-04-01;2022-03-31;7.06.03;Outros;2976.0000000000;S
06.981.381/0001-13;2023-03-31;2;CTC - CENTRO DE TECNOLOGIA CANAVIEIRA S.A.;023981;DF Consolidado - Demonstração de Valor Adicionado;REAL;MIL;ÚLTIMO;2022-04-01;2023-03-31;7.06.03;Outros;-5601.0000000000;S
06.981.381/0001-13;2023-03-31;2;CTC - CENTRO DE TECNOLOGIA CANAVIEIRA S.A.;023981;DF Consolidado - Demonstração de Valor Adicionado;REAL;MIL;PENÚLTIMO;2021-04-01;2022-03-31;7.07;Valor Adicionado Total a Distribuir;347528.0000000000;S
06.981.381/0001-13;2023-03-31;2;CTC - CENTRO DE TECNOLOGIA CANAVIEIRA S.A.;023981;DF Consolidado - Demonstração de Valor Adicionado;REAL;MIL;ÚLTIMO;2022-04-01;2023-03-31;7.07;Valor Adicionado Total a Distribuir;269203.0000000000;S
06.981.381/0001-13;2023-03-31;2;CTC - CENTRO DE TECNOLOGIA CANAVIEIRA S.A.;023981;DF Consolidado - Demonstração de Valor Adicionado;REAL;MIL;PENÚLTIMO;2021-04-01;2022-03-31;7.08;Distribuição do Valor Adicionado;347528.0000000000;S
06.981.381/0001-13;2023-03-31;2;CTC - CENTRO DE TECNOLOGIA CANAVIEIRA S.A.;023981;DF Consolidado - Demonstração de Valor Adicionado;REAL;MIL;ÚLTIMO;2022-04-01;2023-03-31;7.08;Distribuição do Valor Adicionado;269203.0000000000;S
06.981.381/0001-13;2023-03-31;2;CTC - CENTRO DE TECNOLOGIA CANAVIEIRA S.A.;023981;DF Consolidado - Demonstração de Valor Adicionado;REAL;MIL;PENÚLTIMO;2021-04-01;2022-03-31;7.08.01;Pessoal;99454.0000000000;S
06.981.381/0001-13;2023-03-31;2;CTC - CENTRO DE TECNOLOGIA CANAVIEIRA S.A.;023981;DF Consolidado - Demonstração de Valor Adicionado;REAL;MIL;ÚLTIMO;2022-04-01;2023-03-31;7.08.01;Pessoal;96281.0000000000;S
06.981.381/0001-13;2023-03-31;2;CTC - CENTRO DE TECNOLOGIA CANAVIEIRA S.A.;023981;DF Consolidado - Demonstração de Valor Adicionado;REAL;MIL;PENÚLTIMO;2021-04-01;2022-03-31;7.08.01.01;Remuneração Direta;60261.0000000000;S
06.981.381/0001-13;2023-03-31;2;CTC - CENTRO DE TECNOLOGIA CANAVIEIRA S.A.;023981;DF Consolidado - Demonstração de Valor Adicionado;REAL;MIL;ÚLTIMO;2022-04-01;2023-03-31;7.08.01.01;Remuneração Direta;52666.0000000000;S
06.981.381/0001-13;2023-03-31;2;CTC - CENTRO DE TECNOLOGIA CANAVIEIRA S.A.;023981;DF Consolidado - Demonstração de Valor Adicionado;REAL;MIL;PENÚLTIMO;2021-04-01;2022-03-31;7.08.01.02;Benefícios;34549.0000000000;S
06.981.381/0001-13;2023-03-31;2;CTC - CENTRO DE TECNOLOGIA CANAVIEIRA S.A.;023981;DF Consolidado - Demonstração de Valor Adicionado;REAL;MIL;ÚLTIMO;2022-04-01;2023-03-31;7.08.01.02;Benefícios;39155.0000000000;S
06.981.381/0001-13;2023-03-31;2;CTC - CENTRO DE TECNOLOGIA CANAVIEIRA S.A.;023981;DF Consolidado - Demonstração de Valor Adicionado;REAL;MIL;PENÚLTIMO;2021-04-01;2022-03-31;7.08.01.03;F.G.T.S.;4644.0000000000;S
06.981.381/0001-13;2023-03-31;2;CTC - CENTRO DE TECNOLOGIA CANAVIEIRA S.A.;023981;DF Consolidado - Demonstração de Valor Adicionado;REAL;MIL;ÚLTIMO;2022-04-01;2023-03-31;7.08.01.03;F.G.T.S.;4460.0000000000;S
06.981.381/0001-13;2023-03-31;2;CTC - CENTRO DE TECNOLOGIA CANAVIEIRA S.A.;023981;DF Consolidado - Demonstração de Valor Adicionado;REAL;MIL;PENÚLTIMO;2021-04-01;2022-03-31;7.08.01.04;Outros;0.0000000000;S
06.981.381/0001-13;2023-03-31;2;CTC - CENTRO DE TECNOLOGIA CANAVIEIRA S.A.;023981;DF Consolidado - Demonstração de Valor Adicionado;REAL;MIL;ÚLTIMO;2022-04-01;2023-03-31;7.08.01.04;Outros;0.0000000000;S
06.981.381/0001-13;2023-03-31;2;CTC - CENTRO DE TECNOLOGIA CANAVIEIRA S.A.;023981;DF Consolidado - Demonstração de Valor Adicionado;REAL;MIL;PENÚLTIMO;2021-04-01;2022-03-31;7.08.02;Impostos, Taxas e Contribuições;107726.0000000000;S
06.981.381/0001-13;2023-03-31;2;CTC - CENTRO DE TECNOLOGIA CANAVIEIRA S.A.;023981;DF Consolidado - Demonstração de Valor Adicionado;REAL;MIL;ÚLTIMO;2022-04-01;2023-03-31;7.08.02;Impostos, Taxas e Contribuições;80835.0000000000;S
06.981.381/0001-13;2023-03-31;2;CTC - CENTRO DE TECNOLOGIA CANAVIEIRA S.A.;023981;DF Consolidado - Demonstração de Valor Adicionado;REAL;MIL;PENÚLTIMO;2021-04-01;2022-03-31;7.08.02.01;Federais;107726.0000000000;S
06.981.381/0001-13;2023-03-31;2;CTC - CENTRO DE TECNOLOGIA CANAVIEIRA S.A.;023981;DF Consolidado - Demonstração de Valor Adicionado;REAL;MIL;ÚLTIMO;2022-04-01;2023-03-31;7.08.02.01;Federais;80835.0000000000;S
06.981.381/0001-13;2023-03-31;2;CTC - CENTRO DE TECNOLOGIA CANAVIEIRA S.A.;023981;DF Consolidado - Demonstração de Valor Adicionado;REAL;MIL;PENÚLTIMO;2021-04-01;2022-03-31;7.08.02.02;Estaduais;0.0000000000;S
06.981.381/0001-13;2023-03-31;2;CTC - CENTRO DE TECNOLOGIA CANAVIEIRA S.A.;023981;DF Consolidado - Demonstração de Valor Adicionado;REAL;MIL;ÚLTIMO;2022-04-01;2023-03-31;7.08.02.02;Estaduais;0.0000000000;S
06.981.381/0001-13;2023-03-31;2;CTC - CENTRO DE TECNOLOGIA CANAVIEIRA S.A.;023981;DF Consolidado - Demonstração de Valor Adicionado;REAL;MIL;PENÚLTIMO;2021-04-01;2022-03-31;7.08.02.03;Municipais;0.0000000000;S
06.981.381/0001-13;2023-03-31;2;CTC - CENTRO DE TECNOLOGIA CANAVIEIRA S.A.;023981;DF Consolidado - Demonstração de Valor Adicionado;REAL;MIL;ÚLTIMO;2022-04-01;2023-03-31;7.08.02.03;Municipais;0.0000000000;S
06.981.381/0001-13;2023-03-31;2;CTC - CENTRO DE TECNOLOGIA CANAVIEIRA S.A.;023981;DF Consolidado - Demonstração de Valor Adicionado;REAL;MIL;PENÚLTIMO;2021-04-01;2022-03-31;7.08.03;Remuneração de Capitais de Terceiros;6344.0000000000;S
06.981.381/0001-13;2023-03-31;2;CTC - CENTRO DE TECNOLOGIA CANAVIEIRA S.A.;023981;DF Consolidado - Demonstração de Valor Adicionado;REAL;MIL;ÚLTIMO;2022-04-01;2023-03-31;7.08.03;Remuneração de Capitais de Terceiros;650.0000000000;S
06.981.381/0001-13;2023-03-31;2;CTC - CENTRO DE TECNOLOGIA CANAVIEIRA S.A.;023981;DF Consolidado - Demonstração de Valor Adicionado;REAL;MIL;PENÚLTIMO;2021-04-01;2022-03-31;7.08.03.01;Juros;4142.0000000000;S
06.981.381/0001-13;2023-03-31;2;CTC - CENTRO DE TECNOLOGIA CANAVIEIRA S.A.;023981;DF Consolidado - Demonstração de Valor Adicionado;REAL;MIL;ÚLTIMO;2022-04-01;2023-03-31;7.08.03.01;Juros;1934.0000000000;S
06.981.381/0001-13;2023-03-31;2;CTC - CENTRO DE TECNOLOGIA CANAVIEIRA S.A.;023981;DF Consolidado - Demonstração de Valor Adicionado;REAL;MIL;PENÚLTIMO;2021-04-01;2022-03-31;7.08.03.02;Aluguéis;0.0000000000;S
06.981.381/0001-13;2023-03-31;2;CTC - CENTRO DE TECNOLOGIA CANAVIEIRA S.A.;023981;DF Consolidado - Demonstração de Valor Adicionado;REAL;MIL;ÚLTIMO;2022-04-01;2023-03-31;7.08.03.02;Aluguéis;0.0000000000;S
06.981.381/0001-13;2023-03-31;2;CTC - CENTRO DE TECNOLOGIA CANAVIEIRA S.A.;023981;DF Consolidado - Demonstração de Valor Adicionado;REAL;MIL;PENÚLTIMO;2021-04-01;2022-03-31;7.08.03.03;Outras;2202.0000000000;S
06.981.381/0001-13;2023-03-31;2;CTC - CENTRO DE TECNOLOGIA CANAVIEIRA S.A.;023981;DF Consolidado - Demonstração de Valor Adicionado;REAL;MIL;ÚLTIMO;2022-04-01;2023-03-31;7.08.03.03;Outras;-1284.0000000000;S
06.981.381/0001-13;2023-03-31;2;CTC - CENTRO DE TECNOLOGIA CANAVIEIRA S.A.;023981;DF Consolidado - Demonstração de Valor Adicionado;REAL;MIL;PENÚLTIMO;2021-04-01;2022-03-31;7.08.03.03.01;Variação cambial liquida;2005.0000000000;N
06.981.381/0001-13;2023-03-31;2;CTC - CENTRO DE TECNOLOGIA CANAVIEIRA S.A.;023981;DF Consolidado - Demonstração de Valor Adicionado;REAL;MIL;ÚLTIMO;2022-04-01;2023-03-31;7.08.03.03.01;Variação cambial liquida;-1736.0000000000;N
06.981.381/0001-13;2023-03-31;2;CTC - CENTRO DE TECNOLOGIA CANAVIEIRA S.A.;023981;DF Consolidado - Demonstração de Valor Adicionado;REAL;MIL;PENÚLTIMO;2021-04-01;2022-03-31;7.08.03.03.02;Outras;197.0000000000;N
06.981.381/0001-13;2023-03-31;2;CTC - CENTRO DE TECNOLOGIA CANAVIEIRA S.A.;023981;DF Consolidado - Demonstração de Valor Adicionado;REAL;MIL;ÚLTIMO;2022-04-01;2023-03-31;7.08.03.03.02;Outras;452.0000000000;N
06.981.381/0001-13;2023-03-31;2;CTC - CENTRO DE TECNOLOGIA CANAVIEIRA S.A.;023981;DF Consolidado - Demonstração de Valor Adicionado;REAL;MIL;PENÚLTIMO;2021-04-01;2022-03-31;7.08.04;Remuneração de Capitais Próprios;134004.0000000000;S
06.981.381/0001-13;2023-03-31;2;CTC - CENTRO DE TECNOLOGIA CANAVIEIRA S.A.;023981;DF Consolidado - Demonstração de Valor Adicionado;REAL;MIL;ÚLTIMO;2022-04-01;2023-03-31;7.08.04;Remuneração de Capitais Próprios;91437.0000000000;S
06.981.381/0001-13;2023-03-31;2;CTC - CENTRO DE TECNOLOGIA CANAVIEIRA S.A.;023981;DF Consolidado - Demonstração de Valor Adicionado;REAL;MIL;PENÚLTIMO;2021-04-01;2022-03-31;7.08.04.01;Juros sobre o Capital Próprio;0.0000000000;S
06.981.381/0001-13;2023-03-31;2;CTC - CENTRO DE TECNOLOGIA CANAVIEIRA S.A.;023981;DF Consolidado - Demonstração de Valor Adicionado;REAL;MIL;ÚLTIMO;2022-04-01;2023-03-31;7.08.04.01;Juros sobre o Capital Próprio;0.0000000000;S
06.981.381/0001-13;2023-03-31;2;CTC - CENTRO DE TECNOLOGIA CANAVIEIRA S.A.;023981;DF Consolidado - Demonstração de Valor Adicionado;REAL;MIL;PENÚLTIMO;2021-04-01;2022-03-31;7.08.04.02;Dividendos;0.0000000000;S
06.981.381/0001-13;2023-03-31;2;CTC - CENTRO DE TECNOLOGIA CANAVIEIRA S.A.;023981;DF Consolidado - Demonstração de Valor Adicionado;REAL;MIL;ÚLTIMO;2022-04-01;2023-03-31;7.08.04.02;Dividendos;0.0000000000;S
06.981.381/0001-13;2023-03-31;2;CTC - CENTRO DE TECNOLOGIA CANAVIEIRA S.A.;023981;DF Consolidado - Demonstração de Valor Adicionado;REAL;MIL;PENÚLTIMO;2021-04-01;2022-03-31;7.08.04.03;Lucros Retidos / Prejuízo do Período;134004.0000000000;S
06.981.381/0001-13;2023-03-31;2;CTC - CENTRO DE TECNOLOGIA CANAVIEIRA S.A.;023981;DF Consolidado - Demonstração de Valor Adicionado;REAL;MIL;ÚLTIMO;2022-04-01;2023-03-31;7.08.04.03;Lucros Retidos / Prejuízo do Período;91437.0000000000;S
06.981.381/0001-13;2023-03-31;2;CTC - CENTRO DE TECNOLOGIA CANAVIEIRA S.A.;023981;DF Consolidado - Demonstração de Valor Adicionado;REAL;MIL;PENÚLTIMO;2021-04-01;2022-03-31;7.08.04.04;Part. Não Controladores nos Lucros Retidos;0.0000000000;S
06.981.381/0001-13;2023-03-31;2;CTC - CENTRO DE TECNOLOGIA CANAVIEIRA S.A.;023981;DF Consolidado - Demonstração de Valor Adicionado;REAL;MIL;ÚLTIMO;2022-04-01;2023-03-31;7.08.04.04;Part. Não Controladores nos Lucros Retidos;0.0000000000;S
06.981.381/0001-13;2023-03-31;2;CTC - CENTRO DE TECNOLOGIA CANAVIEIRA S.A.;023981;DF Consolidado - Demonstração de Valor Adicionado;REAL;MIL;PENÚLTIMO;2021-04-01;2022-03-31;7.08.05;Outros;0.0000000000;S
06.981.381/0001-13;2023-03-31;2;CTC - CENTRO DE TECNOLOGIA CANAVIEIRA S.A.;023981;DF Consolidado - Demonstração de Valor Adicionado;REAL;MIL;ÚLTIMO;2022-04-01;2023-03-31;7.08.05;Outros;0.0000000000;S
08.070.508/0001-78;2023-03-31;1;RAIZEN ENERGIA S.A.;023230;DF Consolidado - Demonstração de Valor Adicionado;REAL;MIL;PENÚLTIMO;2021-04-01;2022-03-31;7.01;Receitas;52745168.0000000000;S
08.070.508/0001-78;2023-03-31;1;RAIZEN ENERGIA S.A.;023230;DF Consolidado - Demonstração de Valor Adicionado;REAL;MIL;ÚLTIMO;2022-04-01;2023-03-31;7.01;Receitas;80377705.0000000000;S
08.070.508/0001-78;2023-03-31;1;RAIZEN ENERGIA S.A.;023230;DF Consolidado - Demonstração de Valor Adicionado;REAL;MIL;PENÚLTIMO;2021-04-01;2022-03-31;7.01.01;Vendas de Mercadorias, Produtos e Serviços;52703648.0000000000;S
08.070.508/0001-78;2023-03-31;1;RAIZEN ENERGIA S.A.;023230;DF Consolidado - Demonstração de Valor Adicionado;REAL;MIL;ÚLTIMO;2022-04-01;2023-03-31;7.01.01;Vendas de Mercadorias, Produtos e Serviços;80205475.0000000000;S
08.070.508/0001-78;2023-03-31;1;RAIZEN ENERGIA S.A.;023230;DF Consolidado - Demonstração de Valor Adicionado;REAL;MIL;PENÚLTIMO;2021-04-01;2022-03-31;7.01.02;Outras Receitas;37861.0000000000;S
08.070.508/0001-78;2023-03-31;1;RAIZEN ENERGIA S.A.;023230;DF Consolidado - Demonstração de Valor Adicionado;REAL;MIL;ÚLTIMO;2022-04-01;2023-03-31;7.01.02;Outras Receitas;174805.0000000000;S
08.070.508/0001-78;2023-03-31;1;RAIZEN ENERGIA S.A.;023230;DF Consolidado - Demonstração de Valor Adicionado;REAL;MIL;PENÚLTIMO;2021-04-01;2022-03-31;7.01.03;Receitas refs. à Construção de Ativos Próprios;0.0000000000;S
08.070.508/0001-78;2023-03-31;1;RAIZEN ENERGIA S.A.;023230;DF Consolidado - Demonstração de Valor Adicionado;REAL;MIL;ÚLTIMO;2022-04-01;2023-03-31;7.01.03;Receitas refs. à Construção de Ativos Próprios;0.0000000000;S
08.070.508/0001-78;2023-03-31;1;RAIZEN ENERGIA S.A.;023230;DF Consolidado - Demonstração de Valor Adicionado;REAL;MIL;PENÚLTIMO;2021-04-01;2022-03-31;7.01.04;Provisão/Reversão de Créds. Liquidação Duvidosa;3659.0000000000;S
08.070.508/0001-78;2023-03-31;1;RAIZEN ENERGIA S.A.;023230;DF Consolidado - Demonstração de Valor Adicionado;REAL;MIL;ÚLTIMO;2022-04-01;2023-03-31;7.01.04;Provisão/Reversão de Créds. Liquidação Duvidosa;-2575.0000000000;S
08.070.508/0001-78;2023-03-31;1;RAIZEN ENERGIA S.A.;023230;DF Consolidado - Demonstração de Valor Adicionado;REAL;MIL;PENÚLTIMO;2021-04-01;2022-03-31;7.02;Insumos Adquiridos de Terceiros;-41587597.0000000000;S
08.070.508/0001-78;2023-03-31;1;RAIZEN ENERGIA S.A.;023230;DF Consolidado - Demonstração de Valor Adicionado;REAL;MIL;ÚLTIMO;2022-04-01;2023-03-31;7.02;Insumos Adquiridos de Terceiros;-67288411.0000000000;S
08.070.508/0001-78;2023-03-31;1;RAIZEN ENERGIA S.A.;023230;DF Consolidado - Demonstração de Valor Adicionado;REAL;MIL;PENÚLTIMO;2021-04-01;2022-03-31;7.02.01;Custos Prods., Mercs. e Servs. Vendidos;-41163360.0000000000;S
08.070.508/0001-78;2023-03-31;1;RAIZEN ENERGIA S.A.;023230;DF Consolidado - Demonstração de Valor Adicionado;REAL;MIL;ÚLTIMO;2022-04-01;2023-03-31;7.02.01;Custos Prods., Mercs. e Servs. Vendidos;-66168824.0000000000;S
08.070.508/0001-78;2023-03-31;1;RAIZEN ENERGIA S.A.;023230;DF Consolidado - Demonstração de Valor Adicionado;REAL;MIL;PENÚLTIMO;2021-04-01;2022-03-31;7.02.02;Materiais, Energia, Servs. de Terceiros e Outros;-1329398.0000000000;S
08.070.508/0001-78;2023-03-31;1;RAIZEN ENERGIA S.A.;023230;DF Consolidado - Demonstração de Valor Adicionado;REAL;MIL;ÚLTIMO;2022-04-01;2023-03-31;7.02.02;Materiais, Energia, Servs. de Terceiros e Outros;-1457732.0000000000;S
08.070.508/0001-78;2023-03-31;1;RAIZEN ENERGIA S.A.;023230;DF Consolidado - Demonstração de Valor Adicionado;REAL;MIL;PENÚLTIMO;2021-04-01;2022-03-31;7.02.03;Perda/Recuperação de Valores Ativos;0.0000000000;S
08.070.508/0001-78;2023-03-31;1;RAIZEN ENERGIA S.A.;023230;DF Consolidado - Demonstração de Valor Adicionado;REAL;MIL;ÚLTIMO;2022-04-01;2023-03-31;7.02.03;Perda/Recuperação de Valores Ativos;0.0000000000;S
08.070.508/0001-78;2023-03-31;1;RAIZEN ENERGIA S.A.;023230;DF Consolidado - Demonstração de Valor Adicionado;REAL;MIL;PENÚLTIMO;2021-04-01;2022-03-31;7.02.04;Outros;905161.0000000000;S
08.070.508/0001-78;2023-03-31;1;RAIZEN ENERGIA S.A.;023230;DF Consolidado - Demonstração de Valor Adicionado;REAL;MIL;ÚLTIMO;2022-04-01;2023-03-31;7.02.04;Outros;338145.0000000000;S
08.070.508/0001-78;2023-03-31;1;RAIZEN ENERGIA S.A.;023230;DF Consolidado - Demonstração de Valor Adicionado;REAL;MIL;PENÚLTIMO;2021-04-01;2022-03-31;7.02.04.01;Ganho líq decorrente de mud. valor justo e realiz de mais/  menos valia dos ativos biológicos;901417.0000000000;N
08.070.508/0001-78;2023-03-31;1;RAIZEN ENERGIA S.A.;023230;DF Consolidado - Demonstração de Valor Adicionado;REAL;MIL;ÚLTIMO;2022-04-01;2023-03-31;7.02.04.01;Ganho líq decorrente de mud. valor justo e realiz de mais/  menos valia dos ativos biológicos;355582.0000000000;N
08.070.508/0001-78;2023-03-31;1;RAIZEN ENERGIA S.A.;023230;DF Consolidado - Demonstração de Valor Adicionado;REAL;MIL;PENÚLTIMO;2021-04-01;2022-03-31;7.02.04.02;Reversão líquida de perda estimada de ativos imobilizados;10908.0000000000;N
08.070.508/0001-78;2023-03-31;1;RAIZEN ENERGIA S.A.;023230;DF Consolidado - Demonstração de Valor Adicionado;REAL;MIL;ÚLTIMO;2022-04-01;2023-03-31;7.02.04.02;Reversão líquida de perda estimada de ativos imobilizados;10764.0000000000;N
08.070.508/0001-78;2023-03-31;1;RAIZEN ENERGIA S.A.;023230;DF Consolidado - Demonstração de Valor Adicionado;REAL;MIL;PENÚLTIMO;2021-04-01;2022-03-31;7.02.04.03;Constituição líquida de perda estimada com obsolescência de estoques;-7164.0000000000;N
08.070.508/0001-78;2023-03-31;1;RAIZEN ENERGIA S.A.;023230;DF Consolidado - Demonstração de Valor Adicionado;REAL;MIL;ÚLTIMO;2022-04-01;2023-03-31;7.02.04.03;Constituição líquida de perda estimada com obsolescência de estoques;-28201.0000000000;N
08.070.508/0001-78;2023-03-31;1;RAIZEN ENERGIA S.A.;023230;DF Consolidado - Demonstração de Valor Adicionado;REAL;MIL;PENÚLTIMO;2021-04-01;2022-03-31;7.03;Valor Adicionado Bruto;11157571.0000000000;S
08.070.508/0001-78;2023-03-31;1;RAIZEN ENERGIA S.A.;023230;DF Consolidado - Demonstração de Valor Adicionado;REAL;MIL;ÚLTIMO;2022-04-01;2023-03-31;7.03;Valor Adicionado Bruto;13089294.0000000000;S
08.070.508/0001-78;2023-03-31;1;RAIZEN ENERGIA S.A.;023230;DF Consolidado - Demonstração de Valor Adicionado;REAL;MIL;PENÚLTIMO;2021-04-01;2022-03-31;7.04;Retenções;-4300702.0000000000;S
08.070.508/0001-78;2023-03-31;1;RAIZEN ENERGIA S.A.;023230;DF Consolidado - Demonstração de Valor Adicionado;REAL;MIL;ÚLTIMO;2022-04-01;2023-03-31;7.04;Retenções;-6114483.0000000000;S
08.070.508/0001-78;2023-03-31;1;RAIZEN ENERGIA S.A.;023230;DF Consolidado - Demonstração de Valor Adicionado;REAL;MIL;PENÚLTIMO;2021-04-01;2022-03-31;7.04.01;Depreciação, Amortização e Exaustão;-4300702.0000000000;S
08.070.508/0001-78;2023-03-31;1;RAIZEN ENERGIA S.A.;023230;DF Consolidado - Demonstração de Valor Adicionado;REAL;MIL;ÚLTIMO;2022-04-01;2023-03-31;7.04.01;Depreciação, Amortização e Exaustão;-6114483.0000000000;S
08.070.508/0001-78;2023-03-31;1;RAIZEN ENERGIA S.A.;023230;DF Consolidado - Demonstração de Valor Adicionado;REAL;MIL;PENÚLTIMO;2021-04-01;2022-03-31;7.04.02;Outras;0.0000000000;S
08.070.508/0001-78;2023-03-31;1;RAIZEN ENERGIA S.A.;023230;DF Consolidado - Demonstração de Valor Adicionado;REAL;MIL;ÚLTIMO;2022-04-01;2023-03-31;7.04.02;Outras;0.0000000000;S
08.070.508/0001-78;2023-03-31;1;RAIZEN ENERGIA S.A.;023230;DF Consolidado - Demonstração de Valor Adicionado;REAL;MIL;PENÚLTIMO;2021-04-01;2022-03-31;7.05;Valor Adicionado Líquido Produzido;6856869.0000000000;S
08.070.508/0001-78;2023-03-31;1;RAIZEN ENERGIA S.A.;023230;DF Consolidado - Demonstração de Valor Adicionado;REAL;MIL;ÚLTIMO;2022-04-01;2023-03-31;7.05;Valor Adicionado Líquido Produzido;6974811.0000000000;S
08.070.508/0001-78;2023-03-31;1;RAIZEN ENERGIA S.A.;023230;DF Consolidado - Demonstração de Valor Adicionado;REAL;MIL;PENÚLTIMO;2021-04-01;2022-03-31;7.06;Vlr Adicionado Recebido em Transferência;1208239.0000000000;S
08.070.508/0001-78;2023-03-31;1;RAIZEN ENERGIA S.A.;023230;DF Consolidado - Demonstração de Valor Adicionado;REAL;MIL;ÚLTIMO;2022-04-01;2023-03-31;7.06;Vlr Adicionado Recebido em Transferência;2013269.0000000000;S
08.070.508/0001-78;2023-03-31;1;RAIZEN ENERGIA S.A.;023230;DF Consolidado - Demonstração de Valor Adicionado;REAL;MIL;PENÚLTIMO;2021-04-01;2022-03-31;7.06.01;Resultado de Equivalência Patrimonial;-42184.0000000000;S
08.070.508/0001-78;2023-03-31;1;RAIZEN ENERGIA S.A.;023230;DF Consolidado - Demonstração de Valor Adicionado;REAL;MIL;ÚLTIMO;2022-04-01;2023-03-31;7.06.01;Resultado de Equivalência Patrimonial;-56113.0000000000;S
08.070.508/0001-78;2023-03-31;1;RAIZEN ENERGIA S.A.;023230;DF Consolidado - Demonstração de Valor Adicionado;REAL;MIL;PENÚLTIMO;2021-04-01;2022-03-31;7.06.02;Receitas Financeiras;454265.0000000000;S
08.070.508/0001-78;2023-03-31;1;RAIZEN ENERGIA S.A.;023230;DF Consolidado - Demonstração de Valor Adicionado;REAL;MIL;ÚLTIMO;2022-04-01;2023-03-31;7.06.02;Receitas Financeiras;1701581.0000000000;S
08.070.508/0001-78;2023-03-31;1;RAIZEN ENERGIA S.A.;023230;DF Consolidado - Demonstração de Valor Adicionado;REAL;MIL;PENÚLTIMO;2021-04-01;2022-03-31;7.06.03;Outros;796158.0000000000;S
08.070.508/0001-78;2023-03-31;1;RAIZEN ENERGIA S.A.;023230;DF Consolidado - Demonstração de Valor Adicionado;REAL;MIL;ÚLTIMO;2022-04-01;2023-03-31;7.06.03;Outros;367801.0000000000;S
08.070.508/0001-78;2023-03-31;1;RAIZEN ENERGIA S.A.;023230;DF Consolidado - Demonstração de Valor Adicionado;REAL;MIL;PENÚLTIMO;2021-04-01;2022-03-31;7.06.03.01;Ganho com variações cambiais;498635.0000000000;N
08.070.508/0001-78;2023-03-31;1;RAIZEN ENERGIA S.A.;023230;DF Consolidado - Demonstração de Valor Adicionado;REAL;MIL;ÚLTIMO;2022-04-01;2023-03-31;7.06.03.01;Ganho com variações cambiais;303637.0000000000;N
08.070.508/0001-78;2023-03-31;1;RAIZEN ENERGIA S.A.;023230;DF Consolidado - Demonstração de Valor Adicionado;REAL;MIL;PENÚLTIMO;2021-04-01;2022-03-31;7.06.03.02;Ganho em operações com derivativos;297523.0000000000;N
08.070.508/0001-78;2023-03-31;1;RAIZEN ENERGIA S.A.;023230;DF Consolidado - Demonstração de Valor Adicionado;REAL;MIL;ÚLTIMO;2022-04-01;2023-03-31;7.06.03.02;Ganho em operações com derivativos;64164.0000000000;N
08.070.508/0001-78;2023-03-31;1;RAIZEN ENERGIA S.A.;023230;DF Consolidado - Demonstração de Valor Adicionado;REAL;MIL;PENÚLTIMO;2021-04-01;2022-03-31;7.07;Valor Adicionado Total a Distribuir;8065108.0000000000;S
08.070.508/0001-78;2023-03-31;1;RAIZEN ENERGIA S.A.;023230;DF Consolidado - Demonstração de Valor Adicionado;REAL;MIL;ÚLTIMO;2022-04-01;2023-03-31;7.07;Valor Adicionado Total a Distribuir;8988080.0000000000;S
08.070.508/0001-78;2023-03-31;1;RAIZEN ENERGIA S.A.;023230;DF Consolidado - Demonstração de Valor Adicionado;REAL;MIL;PENÚLTIMO;2021-04-01;2022-03-31;7.08;Distribuição do Valor Adicionado;8065108.0000000000;S
08.070.508/0001-78;2023-03-31;1;RAIZEN ENERGIA S.A.;023230;DF Consolidado - Demonstração de Valor Adicionado;REAL;MIL;ÚLTIMO;2022-04-01;2023-03-31;7.08;Distribuição do Valor Adicionado;8988080.0000000000;S
08.070.508/0001-78;2023-03-31;1;RAIZEN ENERGIA S.A.;023230;DF Consolidado - Demonstração de Valor Adicionado;REAL;MIL;PENÚLTIMO;2021-04-01;2022-03-31;7.08.01;Pessoal;1996709.0000000000;S
08.070.508/0001-78;2023-03-31;1;RAIZEN ENERGIA S.A.;023230;DF Consolidado - Demonstração de Valor Adicionado;REAL;MIL;ÚLTIMO;2022-04-01;2023-03-31;7.08.01;Pessoal;2658355.0000000000;S
08.070.508/0001-78;2023-03-31;1;RAIZEN ENERGIA S.A.;023230;DF Consolidado - Demonstração de Valor Adicionado;REAL;MIL;PENÚLTIMO;2021-04-01;2022-03-31;7.08.01.01;Remuneração Direta;1481812.0000000000;S
08.070.508/0001-78;2023-03-31;1;RAIZEN ENERGIA S.A.;023230;DF Consolidado - Demonstração de Valor Adicionado;REAL;MIL;ÚLTIMO;2022-04-01;2023-03-31;7.08.01.01;Remuneração Direta;1922179.0000000000;S
08.070.508/0001-78;2023-03-31;1;RAIZEN ENERGIA S.A.;023230;DF Consolidado - Demonstração de Valor Adicionado;REAL;MIL;PENÚLTIMO;2021-04-01;2022-03-31;7.08.01.02;Benefícios;394146.0000000000;S
08.070.508/0001-78;2023-03-31;1;RAIZEN ENERGIA S.A.;023230;DF Consolidado - Demonstração de Valor Adicionado;REAL;MIL;ÚLTIMO;2022-04-01;2023-03-31;7.08.01.02;Benefícios;558928.0000000000;S
08.070.508/0001-78;2023-03-31;1;RAIZEN ENERGIA S.A.;023230;DF Consolidado - Demonstração de Valor Adicionado;REAL;MIL;PENÚLTIMO;2021-04-01;2022-03-31;7.08.01.03;F.G.T.S.;120751.0000000000;S
08.070.508/0001-78;2023-03-31;1;RAIZEN ENERGIA S.A.;023230;DF Consolidado - Demonstração de Valor Adicionado;REAL;MIL;ÚLTIMO;2022-04-01;2023-03-31;7.08.01.03;F.G.T.S.;177248.0000000000;S
08.070.508/0001-78;2023-03-31;1;RAIZEN ENERGIA S.A.;023230;DF Consolidado - Demonstração de Valor Adicionado;REAL;MIL;PENÚLTIMO;2021-04-01;2022-03-31;7.08.01.04;Outros;0.0000000000;S
08.070.508/0001-78;2023-03-31;1;RAIZEN ENERGIA S.A.;023230;DF Consolidado - Demonstração de Valor Adicionado;REAL;MIL;ÚLTIMO;2022-04-01;2023-03-31;7.08.01.04;Outros;0.0000000000;S
08.070.508/0001-78;2023-03-31;1;RAIZEN ENERGIA S.A.;023230;DF Consolidado - Demonstração de Valor Adicionado;REAL;MIL;PENÚLTIMO;2021-04-01;2022-03-31;7.08.02;Impostos, Taxas e Contribuições;2734090.0000000000;S
08.070.508/0001-78;2023-03-31;1;RAIZEN ENERGIA S.A.;023230;DF Consolidado - Demonstração de Valor Adicionado;REAL;MIL;ÚLTIMO;2022-04-01;2023-03-31;7.08.02;Impostos, Taxas e Contribuições;1845861.0000000000;S
08.070.508/0001-78;2023-03-31;1;RAIZEN ENERGIA S.A.;023230;DF Consolidado - Demonstração de Valor Adicionado;REAL;MIL;PENÚLTIMO;2021-04-01;2022-03-31;7.08.02.01;Federais;1379282.0000000000;S
08.070.508/0001-78;2023-03-31;1;RAIZEN ENERGIA S.A.;023230;DF Consolidado - Demonstração de Valor Adicionado;REAL;MIL;ÚLTIMO;2022-04-01;2023-03-31;7.08.02.01;Federais;737578.0000000000;S
08.070.508/0001-78;2023-03-31;1;RAIZEN ENERGIA S.A.;023230;DF Consolidado - Demonstração de Valor Adicionado;REAL;MIL;PENÚLTIMO;2021-04-01;2022-03-31;7.08.02.02;Estaduais;1346658.0000000000;S
08.070.508/0001-78;2023-03-31;1;RAIZEN ENERGIA S.A.;023230;DF Consolidado - Demonstração de Valor Adicionado;REAL;MIL;ÚLTIMO;2022-04-01;2023-03-31;7.08.02.02;Estaduais;1096189.0000000000;S
08.070.508/0001-78;2023-03-31;1;RAIZEN ENERGIA S.A.;023230;DF Consolidado - Demonstração de Valor Adicionado;REAL;MIL;PENÚLTIMO;2021-04-01;2022-03-31;7.08.02.03;Municipais;8150.0000000000;S
08.070.508/0001-78;2023-03-31;1;RAIZEN ENERGIA S.A.;023230;DF Consolidado - Demonstração de Valor Adicionado;REAL;MIL;ÚLTIMO;2022-04-01;2023-03-31;7.08.02.03;Municipais;12094.0000000000;S
08.070.508/0001-78;2023-03-31;1;RAIZEN ENERGIA S.A.;023230;DF Consolidado - Demonstração de Valor Adicionado;REAL;MIL;PENÚLTIMO;2021-04-01;2022-03-31;7.08.03;Remuneração de Capitais de Terceiros;2176273.0000000000;S
08.070.508/0001-78;2023-03-31;1;RAIZEN ENERGIA S.A.;023230;DF Consolidado - Demonstração de Valor Adicionado;REAL;MIL;ÚLTIMO;2022-04-01;2023-03-31;7.08.03;Remuneração de Capitais de Terceiros;3839069.0000000000;S
08.070.508/0001-78;2023-03-31;1;RAIZEN ENERGIA S.A.;023230;DF Consolidado - Demonstração de Valor Adicionado;REAL;MIL;PENÚLTIMO;2021-04-01;2022-03-31;7.08.03.01;Juros;0.0000000000;S
08.070.508/0001-78;2023-03-31;1;RAIZEN ENERGIA S.A.;023230;DF Consolidado - Demonstração de Valor Adicionado;REAL;MIL;ÚLTIMO;2022-04-01;2023-03-31;7.08.03.01;Juros;0.0000000000;S
08.070.508/0001-78;2023-03-31;1;RAIZEN ENERGIA S.A.;023230;DF Consolidado - Demonstração de Valor Adicionado;REAL;MIL;PENÚLTIMO;2021-04-01;2022-03-31;7.08.03.02;Aluguéis;141588.0000000000;S
08.070.508/0001-78;2023-03-31;1;RAIZEN ENERGIA S.A.;023230;DF Consolidado - Demonstração de Valor Adicionado;REAL;MIL;ÚLTIMO;2022-04-01;2023-03-31;7.08.03.02;Aluguéis;134117.0000000000;S
08.070.508/0001-78;2023-03-31;1;RAIZEN ENERGIA S.A.;023230;DF Consolidado - Demonstração de Valor Adicionado;REAL;MIL;PENÚLTIMO;2021-04-01;2022-03-31;7.08.03.03;Outras;2034685.0000000000;S
08.070.508/0001-78;2023-03-31;1;RAIZEN ENERGIA S.A.;023230;DF Consolidado - Demonstração de Valor Adicionado;REAL;MIL;ÚLTIMO;2022-04-01;2023-03-31;7.08.03.03;Outras;3704952.0000000000;S
08.070.508/0001-78;2023-03-31;1;RAIZEN ENERGIA S.A.;023230;DF Consolidado - Demonstração de Valor Adicionado;REAL;MIL;PENÚLTIMO;2021-04-01;2022-03-31;7.08.03.03.01;Despesas financeiras;1583308.0000000000;N
08.070.508/0001-78;2023-03-31;1;RAIZEN ENERGIA S.A.;023230;DF Consolidado - Demonstração de Valor Adicionado;REAL;MIL;ÚLTIMO;2022-04-01;2023-03-31;7.08.03.03.01;Despesas financeiras;2628169.0000000000;N
08.070.508/0001-78;2023-03-31;1;RAIZEN ENERGIA S.A.;023230;DF Consolidado - Demonstração de Valor Adicionado;REAL;MIL;PENÚLTIMO;2021-04-01;2022-03-31;7.08.03.03.02;Perdas com variações cambiais;135721.0000000000;N
08.070.508/0001-78;2023-03-31;1;RAIZEN ENERGIA S.A.;023230;DF Consolidado - Demonstração de Valor Adicionado;REAL;MIL;ÚLTIMO;2022-04-01;2023-03-31;7.08.03.03.02;Perdas com variações cambiais;386418.0000000000;N
08.070.508/0001-78;2023-03-31;1;RAIZEN ENERGIA S.A.;023230;DF Consolidado - Demonstração de Valor Adicionado;REAL;MIL;PENÚLTIMO;2021-04-01;2022-03-31;7.08.03.03.03;Perdas em operações com derivativos;315656.0000000000;N
08.070.508/0001-78;2023-03-31;1;RAIZEN ENERGIA S.A.;023230;DF Consolidado - Demonstração de Valor Adicionado;REAL;MIL;ÚLTIMO;2022-04-01;2023-03-31;7.08.03.03.03;Perdas em operações com derivativos;690365.0000000000;N
08.070.508/0001-78;2023-03-31;1;RAIZEN ENERGIA S.A.;023230;DF Consolidado - Demonstração de Valor Adicionado;REAL;MIL;PENÚLTIMO;2021-04-01;2022-03-31;7.08.04;Remuneração de Capitais Próprios;1158036.0000000000;S
08.070.508/0001-78;2023-03-31;1;RAIZEN ENERGIA S.A.;023230;DF Consolidado - Demonstração de Valor Adicionado;REAL;MIL;ÚLTIMO;2022-04-01;2023-03-31;7.08.04;Remuneração de Capitais Próprios;644795.0000000000;S
08.070.508/0001-78;2023-03-31;1;RAIZEN ENERGIA S.A.;023230;DF Consolidado - Demonstração de Valor Adicionado;REAL;MIL;PENÚLTIMO;2021-04-01;2022-03-31;7.08.04.01;Juros sobre o Capital Próprio;0.0000000000;S
08.070.508/0001-78;2023-03-31;1;RAIZEN ENERGIA S.A.;023230;DF Consolidado - Demonstração de Valor Adicionado;REAL;MIL;ÚLTIMO;2022-04-01;2023-03-31;7.08.04.01;Juros sobre o Capital Próprio;0.0000000000;S
08.070.508/0001-78;2023-03-31;1;RAIZEN ENERGIA S.A.;023230;DF Consolidado - Demonstração de Valor Adicionado;REAL;MIL;PENÚLTIMO;2021-04-01;2022-03-31;7.08.04.02;Dividendos;10219.0000000000;S
08.070.508/0001-78;2023-03-31;1;RAIZEN ENERGIA S.A.;023230;DF Consolidado - Demonstração de Valor Adicionado;REAL;MIL;ÚLTIMO;2022-04-01;2023-03-31;7.08.04.02;Dividendos;4025.0000000000;S
08.070.508/0001-78;2023-03-31;1;RAIZEN ENERGIA S.A.;023230;DF Consolidado - Demonstração de Valor Adicionado;REAL;MIL;PENÚLTIMO;2021-04-01;2022-03-31;7.08.04.03;Lucros Retidos / Prejuízo do Período;1237247.0000000000;S
08.070.508/0001-78;2023-03-31;1;RAIZEN ENERGIA S.A.;023230;DF Consolidado - Demonstração de Valor Adicionado;REAL;MIL;ÚLTIMO;2022-04-01;2023-03-31;7.08.04.03;Lucros Retidos / Prejuízo do Período;665302.0000000000;S
08.070.508/0001-78;2023-03-31;1;RAIZEN ENERGIA S.A.;023230;DF Consolidado - Demonstração de Valor Adicionado;REAL;MIL;PENÚLTIMO;2021-04-01;2022-03-31;7.08.04.04;Part. Não Controladores nos Lucros Retidos;-89430.0000000000;S
08.070.508/0001-78;2023-03-31;1;RAIZEN ENERGIA S.A.;023230;DF Consolidado - Demonstração de Valor Adicionado;REAL;MIL;ÚLTIMO;2022-04-01;2023-03-31;7.08.04.04;Part. Não Controladores nos Lucros Retidos;-24532.0000000000;S
08.070.508/0001-78;2023-03-31;1;RAIZEN ENERGIA S.A.;023230;DF Consolidado - Demonstração de Valor Adicionado;REAL;MIL;PENÚLTIMO;2021-04-01;2022-03-31;7.08.05;Outros;0.0000000000;S
08.070.508/0001-78;2023-03-31;1;RAIZEN ENERGIA S.A.;023230;DF Consolidado - Demonstração de Valor Adicionado;REAL;MIL;ÚLTIMO;2022-04-01;2023-03-31;7.08.05;Outros;0.0000000000;S
33.453.598/0001-23;2023-03-31;1;RAÍZEN S.A.;025917;DF Consolidado - Demonstração de Valor Adicionado;REAL;MIL;PENÚLTIMO;2021-04-01;2022-03-31;7.01;Receitas;203801698.0000000000;S
33.453.598/0001-23;2023-03-31;1;RAÍZEN S.A.;025917;DF Consolidado - Demonstração de Valor Adicionado;REAL;MIL;ÚLTIMO;2022-04-01;2023-03-31;7.01;Receitas;258353118.0000000000;S
33.453.598/0001-23;2023-03-31;1;RAÍZEN S.A.;025917;DF Consolidado - Demonstração de Valor Adicionado;REAL;MIL;PENÚLTIMO;2021-04-01;2022-03-31;7.01.01;Vendas de Mercadorias, Produtos e Serviços;203423877.0000000000;S
33.453.598/0001-23;2023-03-31;1;RAÍZEN S.A.;025917;DF Consolidado - Demonstração de Valor Adicionado;REAL;MIL;ÚLTIMO;2022-04-01;2023-03-31;7.01.01;Vendas de Mercadorias, Produtos e Serviços;257802116.0000000000;S
33.453.598/0001-23;2023-03-31;1;RAÍZEN S.A.;025917;DF Consolidado - Demonstração de Valor Adicionado;REAL;MIL;PENÚLTIMO;2021-04-01;2022-03-31;7.01.02;Outras Receitas;389969.0000000000;S
33.453.598/0001-23;2023-03-31;1;RAÍZEN S.A.;025917;DF Consolidado - Demonstração de Valor Adicionado;REAL;MIL;ÚLTIMO;2022-04-01;2023-03-31;7.01.02;Outras Receitas;580144.0000000000;S
33.453.598/0001-23;2023-03-31;1;RAÍZEN S.A.;025917;DF Consolidado - Demonstração de Valor Adicionado;REAL;MIL;PENÚLTIMO;2021-04-01;2022-03-31;7.01.03;Receitas refs. à Construção de Ativos Próprios;0.0000000000;S
33.453.598/0001-23;2023-03-31;1;RAÍZEN S.A.;025917;DF Consolidado - Demonstração de Valor Adicionado;REAL;MIL;ÚLTIMO;2022-04-01;2023-03-31;7.01.03;Receitas refs. à Construção de Ativos Próprios;0.0000000000;S
33.453.598/0001-23;2023-03-31;1;RAÍZEN S.A.;025917;DF Consolidado - Demonstração de Valor Adicionado;REAL;MIL;PENÚLTIMO;2021-04-01;2022-03-31;7.01.04;Provisão/Reversão de Créds. Liquidação Duvidosa;-12148.0000000000;S
33.453.598/0001-23;2023-03-31;1;RAÍZEN S.A.;025917;DF Consolidado - Demonstração de Valor Adicionado;REAL;MIL;ÚLTIMO;2022-04-01;2023-03-31;7.01.04;Provisão/Reversão de Créds. Liquidação Duvidosa;-29142.0000000000;S
33.453.598/0001-23;2023-03-31;1;RAÍZEN S.A.;025917;DF Consolidado - Demonstração de Valor Adicionado;REAL;MIL;PENÚLTIMO;2021-04-01;2022-03-31;7.02;Insumos Adquiridos de Terceiros;-175647068.0000000000;S
33.453.598/0001-23;2023-03-31;1;RAÍZEN S.A.;025917;DF Consolidado - Demonstração de Valor Adicionado;REAL;MIL;ÚLTIMO;2022-04-01;2023-03-31;7.02;Insumos Adquiridos de Terceiros;-224983685.0000000000;S
33.453.598/0001-23;2023-03-31;1;RAÍZEN S.A.;025917;DF Consolidado - Demonstração de Valor Adicionado;REAL;MIL;PENÚLTIMO;2021-04-01;2022-03-31;7.02.01;Custos Prods., Mercs. e Servs. Vendidos;-173606956.0000000000;S
33.453.598/0001-23;2023-03-31;1;RAÍZEN S.A.;025917;DF Consolidado - Demonstração de Valor Adicionado;REAL;MIL;ÚLTIMO;2022-04-01;2023-03-31;7.02.01;Custos Prods., Mercs. e Servs. Vendidos;-220402503.0000000000;S
33.453.598/0001-23;2023-03-31;1;RAÍZEN S.A.;025917;DF Consolidado - Demonstração de Valor Adicionado;REAL;MIL;PENÚLTIMO;2021-04-01;2022-03-31;7.02.02;Materiais, Energia, Servs. de Terceiros e Outros;-3318229.0000000000;S
33.453.598/0001-23;2023-03-31;1;RAÍZEN S.A.;025917;DF Consolidado - Demonstração de Valor Adicionado;REAL;MIL;ÚLTIMO;2022-04-01;2023-03-31;7.02.02;Materiais, Energia, Servs. de Terceiros e Outros;-4420211.0000000000;S
33.453.598/0001-23;2023-03-31;1;RAÍZEN S.A.;025917;DF Consolidado - Demonstração de Valor Adicionado;REAL;MIL;PENÚLTIMO;2021-04-01;2022-03-31;7.02.03;Perda/Recuperação de Valores Ativos;0.0000000000;S
33.453.598/0001-23;2023-03-31;1;RAÍZEN S.A.;025917;DF Consolidado - Demonstração de Valor Adicionado;REAL;MIL;ÚLTIMO;2022-04-01;2023-03-31;7.02.03;Perda/Recuperação de Valores Ativos;0.0000000000;S
33.453.598/0001-23;2023-03-31;1;RAÍZEN S.A.;025917;DF Consolidado - Demonstração de Valor Adicionado;REAL;MIL;PENÚLTIMO;2021-04-01;2022-03-31;7.02.04;Outros;1278117.0000000000;S
33.453.598/0001-23;2023-03-31;1;RAÍZEN S.A.;025917;DF Consolidado - Demonstração de Valor Adicionado;REAL;MIL;ÚLTIMO;2022-04-01;2023-03-31;7.02.04;Outros;-160971.0000000000;S
33.453.598/0001-23;2023-03-31;1;RAÍZEN S.A.;025917;DF Consolidado - Demonstração de Valor Adicionado;REAL;MIL;PENÚLTIMO;2021-04-01;2022-03-31;7.02.04.01;Mudança no valor justo dos estoques - Hedge de valor justo;-55876.0000000000;N
33.453.598/0001-23;2023-03-31;1;RAÍZEN S.A.;025917;DF Consolidado - Demonstração de Valor Adicionado;REAL;MIL;ÚLTIMO;2022-04-01;2023-03-31;7.02.04.01;Mudança no valor justo dos estoques - Hedge de valor justo;5145.0000000000;N
33.453.598/0001-23;2023-03-31;1;RAÍZEN S.A.;025917;DF Consolidado - Demonstração de Valor Adicionado;REAL;MIL;PENÚLTIMO;2021-04-01;2022-03-31;7.02.04.02;Outros;-40531.0000000000;N
33.453.598/0001-23;2023-03-31;1;RAÍZEN S.A.;025917;DF Consolidado - Demonstração de Valor Adicionado;REAL;MIL;ÚLTIMO;2022-04-01;2023-03-31;7.02.04.02;Outros;22693.0000000000;N
33.453.598/0001-23;2023-03-31;1;RAÍZEN S.A.;025917;DF Consolidado - Demonstração de Valor Adicionado;REAL;MIL;PENÚLTIMO;2021-04-01;2022-03-31;7.02.04.03;Ganho líq. decorrente de mudança de vlr. justo e realiz. de mais/menos valia dos ativos biológicos;1374524.0000000000;N
33.453.598/0001-23;2023-03-31;1;RAÍZEN S.A.;025917;DF Consolidado - Demonstração de Valor Adicionado;REAL;MIL;ÚLTIMO;2022-04-01;2023-03-31;7.02.04.03;Ganho líq. decorrente de mudança de vlr. justo e realiz. de mais/menos valia dos ativos biológicos;-188809.0000000000;N
33.453.598/0001-23;2023-03-31;1;RAÍZEN S.A.;025917;DF Consolidado - Demonstração de Valor Adicionado;REAL;MIL;PENÚLTIMO;2021-04-01;2022-03-31;7.03;Valor Adicionado Bruto;28154630.0000000000;S
33.453.598/0001-23;2023-03-31;1;RAÍZEN S.A.;025917;DF Consolidado - Demonstração de Valor Adicionado;REAL;MIL;ÚLTIMO;2022-04-01;2023-03-31;7.03;Valor Adicionado Bruto;33369433.0000000000;S
33.453.598/0001-23;2023-03-31;1;RAÍZEN S.A.;025917;DF Consolidado - Demonstração de Valor Adicionado;REAL;MIL;PENÚLTIMO;2021-04-01;2022-03-31;7.04;Retenções;-6369468.0000000000;S
33.453.598/0001-23;2023-03-31;1;RAÍZEN S.A.;025917;DF Consolidado - Demonstração de Valor Adicionado;REAL;MIL;ÚLTIMO;2022-04-01;2023-03-31;7.04;Retenções;-8653478.0000000000;S
33.453.598/0001-23;2023-03-31;1;RAÍZEN S.A.;025917;DF Consolidado - Demonstração de Valor Adicionado;REAL;MIL;PENÚLTIMO;2021-04-01;2022-03-31;7.04.01;Depreciação, Amortização e Exaustão;-6369468.0000000000;S
33.453.598/0001-23;2023-03-31;1;RAÍZEN S.A.;025917;DF Consolidado - Demonstração de Valor Adicionado;REAL;MIL;ÚLTIMO;2022-04-01;2023-03-31;7.04.01;Depreciação, Amortização e Exaustão;-8653478.0000000000;S
33.453.598/0001-23;2023-03-31;1;RAÍZEN S.A.;025917;DF Consolidado - Demonstração de Valor Adicionado;REAL;MIL;PENÚLTIMO;2021-04-01;2022-03-31;7.04.02;Outras;0.0000000000;S
33.453.598/0001-23;2023-03-31;1;RAÍZEN S.A.;025917;DF Consolidado - Demonstração de Valor Adicionado;REAL;MIL;ÚLTIMO;2022-04-01;2023-03-31;7.04.02;Outras;0.0000000000;S
33.453.598/0001-23;2023-03-31;1;RAÍZEN S.A.;025917;DF Consolidado - Demonstração de Valor Adicionado;REAL;MIL;PENÚLTIMO;2021-04-01;2022-03-31;7.05;Valor Adicionado Líquido Produzido;21785162.0000000000;S
33.453.598/0001-23;2023-03-31;1;RAÍZEN S.A.;025917;DF Consolidado - Demonstração de Valor Adicionado;REAL;MIL;ÚLTIMO;2022-04-01;2023-03-31;7.05;Valor Adicionado Líquido Produzido;24715955.0000000000;S
33.453.598/0001-23;2023-03-31;1;RAÍZEN S.A.;025917;DF Consolidado - Demonstração de Valor Adicionado;REAL;MIL;PENÚLTIMO;2021-04-01;2022-03-31;7.06;Vlr Adicionado Recebido em Transferência;4941908.0000000000;S
33.453.598/0001-23;2023-03-31;1;RAÍZEN S.A.;025917;DF Consolidado - Demonstração de Valor Adicionado;REAL;MIL;ÚLTIMO;2022-04-01;2023-03-31;7.06;Vlr Adicionado Recebido em Transferência;2194894.0000000000;S
33.453.598/0001-23;2023-03-31;1;RAÍZEN S.A.;025917;DF Consolidado - Demonstração de Valor Adicionado;REAL;MIL;PENÚLTIMO;2021-04-01;2022-03-31;7.06.01;Resultado de Equivalência Patrimonial;-63050.0000000000;S
33.453.598/0001-23;2023-03-31;1;RAÍZEN S.A.;025917;DF Consolidado - Demonstração de Valor Adicionado;REAL;MIL;ÚLTIMO;2022-04-01;2023-03-31;7.06.01;Resultado de Equivalência Patrimonial;-130092.0000000000;S
33.453.598/0001-23;2023-03-31;1;RAÍZEN S.A.;025917;DF Consolidado - Demonstração de Valor Adicionado;REAL;MIL;PENÚLTIMO;2021-04-01;2022-03-31;7.06.02;Receitas Financeiras;575473.0000000000;S
33.453.598/0001-23;2023-03-31;1;RAÍZEN S.A.;025917;DF Consolidado - Demonstração de Valor Adicionado;REAL;MIL;ÚLTIMO;2022-04-01;2023-03-31;7.06.02;Receitas Financeiras;819660.0000000000;S
33.453.598/0001-23;2023-03-31;1;RAÍZEN S.A.;025917;DF Consolidado - Demonstração de Valor Adicionado;REAL;MIL;PENÚLTIMO;2021-04-01;2022-03-31;7.06.03;Outros;4429485.0000000000;S
33.453.598/0001-23;2023-03-31;1;RAÍZEN S.A.;025917;DF Consolidado - Demonstração de Valor Adicionado;REAL;MIL;ÚLTIMO;2022-04-01;2023-03-31;7.06.03;Outros;1505326.0000000000;S
33.453.598/0001-23;2023-03-31;1;RAÍZEN S.A.;025917;DF Consolidado - Demonstração de Valor Adicionado;REAL;MIL;PENÚLTIMO;2021-04-01;2022-03-31;7.06.03.01;Ganho com variações cambiais;3267417.0000000000;N
33.453.598/0001-23;2023-03-31;1;RAÍZEN S.A.;025917;DF Consolidado - Demonstração de Valor Adicionado;REAL;MIL;ÚLTIMO;2022-04-01;2023-03-31;7.06.03.01;Ganho com variações cambiais;909428.0000000000;N
33.453.598/0001-23;2023-03-31;1;RAÍZEN S.A.;025917;DF Consolidado - Demonstração de Valor Adicionado;REAL;MIL;PENÚLTIMO;2021-04-01;2022-03-31;7.06.03.02;Ganho em operações com derivativos;1029781.0000000000;N
33.453.598/0001-23;2023-03-31;1;RAÍZEN S.A.;025917;DF Consolidado - Demonstração de Valor Adicionado;REAL;MIL;ÚLTIMO;2022-04-01;2023-03-31;7.06.03.02;Ganho em operações com derivativos;438570.0000000000;N
33.453.598/0001-23;2023-03-31;1;RAÍZEN S.A.;025917;DF Consolidado - Demonstração de Valor Adicionado;REAL;MIL;PENÚLTIMO;2021-04-01;2022-03-31;7.06.03.03;Outros valores recebidos em transferência;132287.0000000000;N
33.453.598/0001-23;2023-03-31;1;RAÍZEN S.A.;025917;DF Consolidado - Demonstração de Valor Adicionado;REAL;MIL;ÚLTIMO;2022-04-01;2023-03-31;7.06.03.03;Outros valores recebidos em transferência;157328.0000000000;N
33.453.598/0001-23;2023-03-31;1;RAÍZEN S.A.;025917;DF Consolidado - Demonstração de Valor Adicionado;REAL;MIL;PENÚLTIMO;2021-04-01;2022-03-31;7.07;Valor Adicionado Total a Distribuir;26727070.0000000000;S
33.453.598/0001-23;2023-03-31;1;RAÍZEN S.A.;025917;DF Consolidado - Demonstração de Valor Adicionado;REAL;MIL;ÚLTIMO;2022-04-01;2023-03-31;7.07;Valor Adicionado Total a Distribuir;26910849.0000000000;S
33.453.598/0001-23;2023-03-31;1;RAÍZEN S.A.;025917;DF Consolidado - Demonstração de Valor Adicionado;REAL;MIL;PENÚLTIMO;2021-04-01;2022-03-31;7.08;Distribuição do Valor Adicionado;26727070.0000000000;S
33.453.598/0001-23;2023-03-31;1;RAÍZEN S.A.;025917;DF Consolidado - Demonstração de Valor Adicionado;REAL;MIL;ÚLTIMO;2022-04-01;2023-03-31;7.08;Distribuição do Valor Adicionado;26910849.0000000000;S
33.453.598/0001-23;2023-03-31;1;RAÍZEN S.A.;025917;DF Consolidado - Demonstração de Valor Adicionado;REAL;MIL;PENÚLTIMO;2021-04-01;2022-03-31;7.08.01;Pessoal;3425437.0000000000;S
33.453.598/0001-23;2023-03-31;1;RAÍZEN S.A.;025917;DF Consolidado - Demonstração de Valor Adicionado;REAL;MIL;ÚLTIMO;2022-04-01;2023-03-31;7.08.01;Pessoal;4543957.0000000000;S
33.453.598/0001-23;2023-03-31;1;RAÍZEN S.A.;025917;DF Consolidado - Demonstração de Valor Adicionado;REAL;MIL;PENÚLTIMO;2021-04-01;2022-03-31;7.08.01.01;Remuneração Direta;2810703.0000000000;S
33.453.598/0001-23;2023-03-31;1;RAÍZEN S.A.;025917;DF Consolidado - Demonstração de Valor Adicionado;REAL;MIL;ÚLTIMO;2022-04-01;2023-03-31;7.08.01.01;Remuneração Direta;3563642.0000000000;S
33.453.598/0001-23;2023-03-31;1;RAÍZEN S.A.;025917;DF Consolidado - Demonstração de Valor Adicionado;REAL;MIL;PENÚLTIMO;2021-04-01;2022-03-31;7.08.01.02;Benefícios;457815.0000000000;S
33.453.598/0001-23;2023-03-31;1;RAÍZEN S.A.;025917;DF Consolidado - Demonstração de Valor Adicionado;REAL;MIL;ÚLTIMO;2022-04-01;2023-03-31;7.08.01.02;Benefícios;752864.0000000000;S
33.453.598/0001-23;2023-03-31;1;RAÍZEN S.A.;025917;DF Consolidado - Demonstração de Valor Adicionado;REAL;MIL;PENÚLTIMO;2021-04-01;2022-03-31;7.08.01.03;F.G.T.S.;156919.0000000000;S
33.453.598/0001-23;2023-03-31;1;RAÍZEN S.A.;025917;DF Consolidado - Demonstração de Valor Adicionado;REAL;MIL;ÚLTIMO;2022-04-01;2023-03-31;7.08.01.03;F.G.T.S.;227451.0000000000;S
33.453.598/0001-23;2023-03-31;1;RAÍZEN S.A.;025917;DF Consolidado - Demonstração de Valor Adicionado;REAL;MIL;PENÚLTIMO;2021-04-01;2022-03-31;7.08.01.04;Outros;0.0000000000;S
33.453.598/0001-23;2023-03-31;1;RAÍZEN S.A.;025917;DF Consolidado - Demonstração de Valor Adicionado;REAL;MIL;ÚLTIMO;2022-04-01;2023-03-31;7.08.01.04;Outros;0.0000000000;S
33.453.598/0001-23;2023-03-31;1;RAÍZEN S.A.;025917;DF Consolidado - Demonstração de Valor Adicionado;REAL;MIL;PENÚLTIMO;2021-04-01;2022-03-31;7.08.02;Impostos, Taxas e Contribuições;13210888.0000000000;S
33.453.598/0001-23;2023-03-31;1;RAÍZEN S.A.;025917;DF Consolidado - Demonstração de Valor Adicionado;REAL;MIL;ÚLTIMO;2022-04-01;2023-03-31;7.08.02;Impostos, Taxas e Contribuições;12873147.0000000000;S
33.453.598/0001-23;2023-03-31;1;RAÍZEN S.A.;025917;DF Consolidado - Demonstração de Valor Adicionado;REAL;MIL;PENÚLTIMO;2021-04-01;2022-03-31;7.08.02.01;Federais;9933488.0000000000;S
33.453.598/0001-23;2023-03-31;1;RAÍZEN S.A.;025917;DF Consolidado - Demonstração de Valor Adicionado;REAL;MIL;ÚLTIMO;2022-04-01;2023-03-31;7.08.02.01;Federais;10282699.0000000000;S
33.453.598/0001-23;2023-03-31;1;RAÍZEN S.A.;025917;DF Consolidado - Demonstração de Valor Adicionado;REAL;MIL;PENÚLTIMO;2021-04-01;2022-03-31;7.08.02.02;Estaduais;3260520.0000000000;S
33.453.598/0001-23;2023-03-31;1;RAÍZEN S.A.;025917;DF Consolidado - Demonstração de Valor Adicionado;REAL;MIL;ÚLTIMO;2022-04-01;2023-03-31;7.08.02.02;Estaduais;2559977.0000000000;S
33.453.598/0001-23;2023-03-31;1;RAÍZEN S.A.;025917;DF Consolidado - Demonstração de Valor Adicionado;REAL;MIL;PENÚLTIMO;2021-04-01;2022-03-31;7.08.02.03;Municipais;16880.0000000000;S
33.453.598/0001-23;2023-03-31;1;RAÍZEN S.A.;025917;DF Consolidado - Demonstração de Valor Adicionado;REAL;MIL;ÚLTIMO;2022-04-01;2023-03-31;7.08.02.03;Municipais;30471.0000000000;S
33.453.598/0001-23;2023-03-31;1;RAÍZEN S.A.;025917;DF Consolidado - Demonstração de Valor Adicionado;REAL;MIL;PENÚLTIMO;2021-04-01;2022-03-31;7.08.03;Remuneração de Capitais de Terceiros;6841182.0000000000;S
33.453.598/0001-23;2023-03-31;1;RAÍZEN S.A.;025917;DF Consolidado - Demonstração de Valor Adicionado;REAL;MIL;ÚLTIMO;2022-04-01;2023-03-31;7.08.03;Remuneração de Capitais de Terceiros;6990419.0000000000;S
33.453.598/0001-23;2023-03-31;1;RAÍZEN S.A.;025917;DF Consolidado - Demonstração de Valor Adicionado;REAL;MIL;PENÚLTIMO;2021-04-01;2022-03-31;7.08.03.01;Juros;1812955.0000000000;S
33.453.598/0001-23;2023-03-31;1;RAÍZEN S.A.;025917;DF Consolidado - Demonstração de Valor Adicionado;REAL;MIL;ÚLTIMO;2022-04-01;2023-03-31;7.08.03.01;Juros;3938084.0000000000;S
33.453.598/0001-23;2023-03-31;1;RAÍZEN S.A.;025917;DF Consolidado - Demonstração de Valor Adicionado;REAL;MIL;PENÚLTIMO;2021-04-01;2022-03-31;7.08.03.02;Aluguéis;0.0000000000;S
33.453.598/0001-23;2023-03-31;1;RAÍZEN S.A.;025917;DF Consolidado - Demonstração de Valor Adicionado;REAL;MIL;ÚLTIMO;2022-04-01;2023-03-31;7.08.03.02;Aluguéis;0.0000000000;S
33.453.598/0001-23;2023-03-31;1;RAÍZEN S.A.;025917;DF Consolidado - Demonstração de Valor Adicionado;REAL;MIL;PENÚLTIMO;2021-04-01;2022-03-31;7.08.03.03;Outras;5028227.0000000000;S
33.453.598/0001-23;2023-03-31;1;RAÍZEN S.A.;025917;DF Consolidado - Demonstração de Valor Adicionado;REAL;MIL;ÚLTIMO;2022-04-01;2023-03-31;7.08.03.03;Outras;3052335.0000000000;S
33.453.598/0001-23;2023-03-31;1;RAÍZEN S.A.;025917;DF Consolidado - Demonstração de Valor Adicionado;REAL;MIL;PENÚLTIMO;2021-04-01;2022-03-31;7.08.03.03.01;Despesas financeiras;0.0000000000;N
33.453.598/0001-23;2023-03-31;1;RAÍZEN S.A.;025917;DF Consolidado - Demonstração de Valor Adicionado;REAL;MIL;ÚLTIMO;2022-04-01;2023-03-31;7.08.03.03.01;Despesas financeiras;0.0000000000;N
33.453.598/0001-23;2023-03-31;1;RAÍZEN S.A.;025917;DF Consolidado - Demonstração de Valor Adicionado;REAL;MIL;PENÚLTIMO;2021-04-01;2022-03-31;7.08.03.03.02;Perda com variações cambiais;1411786.0000000000;N
33.453.598/0001-23;2023-03-31;1;RAÍZEN S.A.;025917;DF Consolidado - Demonstração de Valor Adicionado;REAL;MIL;ÚLTIMO;2022-04-01;2023-03-31;7.08.03.03.02;Perda com variações cambiais;1581901.0000000000;N
33.453.598/0001-23;2023-03-31;1;RAÍZEN S.A.;025917;DF Consolidado - Demonstração de Valor Adicionado;REAL;MIL;PENÚLTIMO;2021-04-01;2022-03-31;7.08.03.03.03;Perda em operações com derivativos;3616441.0000000000;N
33.453.598/0001-23;2023-03-31;1;RAÍZEN S.A.;025917;DF Consolidado - Demonstração de Valor Adicionado;REAL;MIL;ÚLTIMO;2022-04-01;2023-03-31;7.08.03.03.03;Perda em operações com derivativos;1470434.0000000000;N
33.453.598/0001-23;2023-03-31;1;RAÍZEN S.A.;025917;DF Consolidado - Demonstração de Valor Adicionado;REAL;MIL;PENÚLTIMO;2021-04-01;2022-03-31;7.08.03.03.04;Outros;0.0000000000;N
33.453.598/0001-23;2023-03-31;1;RAÍZEN S.A.;025917;DF Consolidado - Demonstração de Valor Adicionado;REAL;MIL;ÚLTIMO;2022-04-01;2023-03-31;7.08.03.03.04;Outros;0.0000000000;N
33.453.598/0001-23;2023-03-31;1;RAÍZEN S.A.;025917;DF Consolidado - Demonstração de Valor Adicionado;REAL;MIL;PENÚLTIMO;2021-04-01;2022-03-31;7.08.04;Remuneração de Capitais Próprios;3249563.0000000000;S
33.453.598/0001-23;2023-03-31;1;RAÍZEN S.A.;025917;DF Consolidado - Demonstração de Valor Adicionado;REAL;MIL;ÚLTIMO;2022-04-01;2023-03-31;7.08.04;Remuneração de Capitais Próprios;2503326.0000000000;S
33.453.598/0001-23;2023-03-31;1;RAÍZEN S.A.;025917;DF Consolidado - Demonstração de Valor Adicionado;REAL;MIL;PENÚLTIMO;2021-04-01;2022-03-31;7.08.04.01;Juros sobre o Capital Próprio;741682.0000000000;S
33.453.598/0001-23;2023-03-31;1;RAÍZEN S.A.;025917;DF Consolidado - Demonstração de Valor Adicionado;REAL;MIL;ÚLTIMO;2022-04-01;2023-03-31;7.08.04.01;Juros sobre o Capital Próprio;0.0000000000;S
33.453.598/0001-23;2023-03-31;1;RAÍZEN S.A.;025917;DF Consolidado - Demonstração de Valor Adicionado;REAL;MIL;PENÚLTIMO;2021-04-01;2022-03-31;7.08.04.02;Dividendos;25541.0000000000;S
33.453.598/0001-23;2023-03-31;1;RAÍZEN S.A.;025917;DF Consolidado - Demonstração de Valor Adicionado;REAL;MIL;ÚLTIMO;2022-04-01;2023-03-31;7.08.04.02;Dividendos;154156.0000000000;S
33.453.598/0001-23;2023-03-31;1;RAÍZEN S.A.;025917;DF Consolidado - Demonstração de Valor Adicionado;REAL;MIL;PENÚLTIMO;2021-04-01;2022-03-31;7.08.04.03;Lucros Retidos / Prejuízo do Período;2407336.0000000000;S
33.453.598/0001-23;2023-03-31;1;RAÍZEN S.A.;025917;DF Consolidado - Demonstração de Valor Adicionado;REAL;MIL;ÚLTIMO;2022-04-01;2023-03-31;7.08.04.03;Lucros Retidos / Prejuízo do Período;2310964.0000000000;S
33.453.598/0001-23;2023-03-31;1;RAÍZEN S.A.;025917;DF Consolidado - Demonstração de Valor Adicionado;REAL;MIL;PENÚLTIMO;2021-04-01;2022-03-31;7.08.04.04;Part. Não Controladores nos Lucros Retidos;75004.0000000000;S
33.453.598/0001-23;2023-03-31;1;RAÍZEN S.A.;025917;DF Consolidado - Demonstração de Valor Adicionado;REAL;MIL;ÚLTIMO;2022-04-01;2023-03-31;7.08.04.04;Part. Não Controladores nos Lucros Retidos;38206.0000000000;S
33.453.598/0001-23;2023-03-31;1;RAÍZEN S.A.;025917;DF Consolidado - Demonstração de Valor Adicionado;REAL;MIL;PENÚLTIMO;2021-04-01;2022-03-31;7.08.05;Outros;0.0000000000;S
33.453.598/0001-23;2023-03-31;1;RAÍZEN S.A.;025917;DF Consolidado - Demonstração de Valor Adicionado;REAL;MIL;ÚLTIMO;2022-04-01;2023-03-31;7.08.05;Outros;0.0000000000;S
64.904.295/0001-03;2023-02-28;1;CAMIL ALIMENTOS S.A.;024228;DF Consolidado - Demonstração de Valor Adicionado;REAL;MIL;PENÚLTIMO;2021-03-01;2022-02-28;7.01;Receitas;9799860.0000000000;S
64.904.295/0001-03;2023-02-28;1;CAMIL ALIMENTOS S.A.;024228;DF Consolidado - Demonstração de Valor Adicionado;REAL;MIL;ÚLTIMO;2022-03-01;2023-02-28;7.01;Receitas;10989154.0000000000;S
64.904.295/0001-03;2023-02-28;1;CAMIL ALIMENTOS S.A.;024228;DF Consolidado - Demonstração de Valor Adicionado;REAL;MIL;PENÚLTIMO;2021-03-01;2022-02-28;7.01.01;Vendas de Mercadorias, Produtos e Serviços;9665249.0000000000;S
64.904.295/0001-03;2023-02-28;1;CAMIL ALIMENTOS S.A.;024228;DF Consolidado - Demonstração de Valor Adicionado;REAL;MIL;ÚLTIMO;2022-03-01;2023-02-28;7.01.01;Vendas de Mercadorias, Produtos e Serviços;10949065.0000000000;S
64.904.295/0001-03;2023-02-28;1;CAMIL ALIMENTOS S.A.;024228;DF Consolidado - Demonstração de Valor Adicionado;REAL;MIL;PENÚLTIMO;2021-03-01;2022-02-28;7.01.02;Outras Receitas;137404.0000000000;S
64.904.295/0001-03;2023-02-28;1;CAMIL ALIMENTOS S.A.;024228;DF Consolidado - Demonstração de Valor Adicionado;REAL;MIL;ÚLTIMO;2022-03-01;2023-02-28;7.01.02;Outras Receitas;45549.0000000000;S
64.904.295/0001-03;2023-02-28;1;CAMIL ALIMENTOS S.A.;024228;DF Consolidado - Demonstração de Valor Adicionado;REAL;MIL;PENÚLTIMO;2021-03-01;2022-02-28;7.01.03;Receitas refs. à Construção de Ativos Próprios;0.0000000000;S
64.904.295/0001-03;2023-02-28;1;CAMIL ALIMENTOS S.A.;024228;DF Consolidado - Demonstração de Valor Adicionado;REAL;MIL;ÚLTIMO;2022-03-01;2023-02-28;7.01.03;Receitas refs. à Construção de Ativos Próprios;0.0000000000;S
64.904.295/0001-03;2023-02-28;1;CAMIL ALIMENTOS S.A.;024228;DF Consolidado - Demonstração de Valor Adicionado;REAL;MIL;PENÚLTIMO;2021-03-01;2022-02-28;7.01.04;Provisão/Reversão de Créds. Liquidação Duvidosa;-2793.0000000000;S
64.904.295/0001-03;2023-02-28;1;CAMIL ALIMENTOS S.A.;024228;DF Consolidado - Demonstração de Valor Adicionado;REAL;MIL;ÚLTIMO;2022-03-01;2023-02-28;7.01.04;Provisão/Reversão de Créds. Liquidação Duvidosa;-5460.0000000000;S
64.904.295/0001-03;2023-02-28;1;CAMIL ALIMENTOS S.A.;024228;DF Consolidado - Demonstração de Valor Adicionado;REAL;MIL;PENÚLTIMO;2021-03-01;2022-02-28;7.02;Insumos Adquiridos de Terceiros;-7725303.0000000000;S
64.904.295/0001-03;2023-02-28;1;CAMIL ALIMENTOS S.A.;024228;DF Consolidado - Demonstração de Valor Adicionado;REAL;MIL;ÚLTIMO;2022-03-01;2023-02-28;7.02;Insumos Adquiridos de Terceiros;-8738944.0000000000;S
64.904.295/0001-03;2023-02-28;1;CAMIL ALIMENTOS S.A.;024228;DF Consolidado - Demonstração de Valor Adicionado;REAL;MIL;PENÚLTIMO;2021-03-01;2022-02-28;7.02.01;Custos Prods., Mercs. e Servs. Vendidos;-6527722.0000000000;S
64.904.295/0001-03;2023-02-28;1;CAMIL ALIMENTOS S.A.;024228;DF Consolidado - Demonstração de Valor Adicionado;REAL;MIL;ÚLTIMO;2022-03-01;2023-02-28;7.02.01;Custos Prods., Mercs. e Servs. Vendidos;-7202038.0000000000;S
64.904.295/0001-03;2023-02-28;1;CAMIL ALIMENTOS S.A.;024228;DF Consolidado - Demonstração de Valor Adicionado;REAL;MIL;PENÚLTIMO;2021-03-01;2022-02-28;7.02.02;Materiais, Energia, Servs. de Terceiros e Outros;-1155547.0000000000;S
64.904.295/0001-03;2023-02-28;1;CAMIL ALIMENTOS S.A.;024228;DF Consolidado - Demonstração de Valor Adicionado;REAL;MIL;ÚLTIMO;2022-03-01;2023-02-28;7.02.02;Materiais, Energia, Servs. de Terceiros e Outros;-1458606.0000000000;S
64.904.295/0001-03;2023-02-28;1;CAMIL ALIMENTOS S.A.;024228;DF Consolidado - Demonstração de Valor Adicionado;REAL;MIL;PENÚLTIMO;2021-03-01;2022-02-28;7.02.03;Perda/Recuperação de Valores Ativos;0.0000000000;S
64.904.295/0001-03;2023-02-28;1;CAMIL ALIMENTOS S.A.;024228;DF Consolidado - Demonstração de Valor Adicionado;REAL;MIL;ÚLTIMO;2022-03-01;2023-02-28;7.02.03;Perda/Recuperação de Valores Ativos;0.0000000000;S
64.904.295/0001-03;2023-02-28;1;CAMIL ALIMENTOS S.A.;024228;DF Consolidado - Demonstração de Valor Adicionado;REAL;MIL;PENÚLTIMO;2021-03-01;2022-02-28;7.02.04;Outros;-42034.0000000000;S
64.904.295/0001-03;2023-02-28;1;CAMIL ALIMENTOS S.A.;024228;DF Consolidado - Demonstração de Valor Adicionado;REAL;MIL;ÚLTIMO;2022-03-01;2023-02-28;7.02.04;Outros;-78300.0000000000;S
64.904.295/0001-03;2023-02-28;1;CAMIL ALIMENTOS S.A.;024228;DF Consolidado - Demonstração de Valor Adicionado;REAL;MIL;PENÚLTIMO;2021-03-01;2022-02-28;7.03;Valor Adicionado Bruto;2074557.0000000000;S
64.904.295/0001-03;2023-02-28;1;CAMIL ALIMENTOS S.A.;024228;DF Consolidado - Demonstração de Valor Adicionado;REAL;MIL;ÚLTIMO;2022-03-01;2023-02-28;7.03;Valor Adicionado Bruto;2250210.0000000000;S
64.904.295/0001-03;2023-02-28;1;CAMIL ALIMENTOS S.A.;024228;DF Consolidado - Demonstração de Valor Adicionado;REAL;MIL;PENÚLTIMO;2021-03-01;2022-02-28;7.04;Retenções;-172858.0000000000;S
64.904.295/0001-03;2023-02-28;1;CAMIL ALIMENTOS S.A.;024228;DF Consolidado - Demonstração de Valor Adicionado;REAL;MIL;ÚLTIMO;2022-03-01;2023-02-28;7.04;Retenções;-234032.0000000000;S
64.904.295/0001-03;2023-02-28;1;CAMIL ALIMENTOS S.A.;024228;DF Consolidado - Demonstração de Valor Adicionado;REAL;MIL;PENÚLTIMO;2021-03-01;2022-02-28;7.04.01;Depreciação, Amortização e Exaustão;-172858.0000000000;S
64.904.295/0001-03;2023-02-28;1;CAMIL ALIMENTOS S.A.;024228;DF Consolidado - Demonstração de Valor Adicionado;REAL;MIL;ÚLTIMO;2022-03-01;2023-02-28;7.04.01;Depreciação, Amortização e Exaustão;-234032.0000000000;S
64.904.295/0001-03;2023-02-28;1;CAMIL ALIMENTOS S.A.;024228;DF Consolidado - Demonstração de Valor Adicionado;REAL;MIL;PENÚLTIMO;2021-03-01;2022-02-28;7.04.02;Outras;0.0000000000;S
64.904.295/0001-03;2023-02-28;1;CAMIL ALIMENTOS S.A.;024228;DF Consolidado - Demonstração de Valor Adicionado;REAL;MIL;ÚLTIMO;2022-03-01;2023-02-28;7.04.02;Outras;0.0000000000;S
64.904.295/0001-03;2023-02-28;1;CAMIL ALIMENTOS S.A.;024228;DF Consolidado - Demonstração de Valor Adicionado;REAL;MIL;PENÚLTIMO;2021-03-01;2022-02-28;7.05;Valor Adicionado Líquido Produzido;1901699.0000000000;S
64.904.295/0001-03;2023-02-28;1;CAMIL ALIMENTOS S.A.;024228;DF Consolidado - Demonstração de Valor Adicionado;REAL;MIL;ÚLTIMO;2022-03-01;2023-02-28;7.05;Valor Adicionado Líquido Produzido;2016178.0000000000;S
64.904.295/0001-03;2023-02-28;1;CAMIL ALIMENTOS S.A.;024228;DF Consolidado - Demonstração de Valor Adicionado;REAL;MIL;PENÚLTIMO;2021-03-01;2022-02-28;7.06;Vlr Adicionado Recebido em Transferência;218483.0000000000;S
64.904.295/0001-03;2023-02-28;1;CAMIL ALIMENTOS S.A.;024228;DF Consolidado - Demonstração de Valor Adicionado;REAL;MIL;ÚLTIMO;2022-03-01;2023-02-28;7.06;Vlr Adicionado Recebido em Transferência;499627.0000000000;S
64.904.295/0001-03;2023-02-28;1;CAMIL ALIMENTOS S.A.;024228;DF Consolidado - Demonstração de Valor Adicionado;REAL;MIL;PENÚLTIMO;2021-03-01;2022-02-28;7.06.01;Resultado de Equivalência Patrimonial;164.0000000000;S
64.904.295/0001-03;2023-02-28;1;CAMIL ALIMENTOS S.A.;024228;DF Consolidado - Demonstração de Valor Adicionado;REAL;MIL;ÚLTIMO;2022-03-01;2023-02-28;7.06.01;Resultado de Equivalência Patrimonial;-634.0000000000;S
64.904.295/0001-03;2023-02-28;1;CAMIL ALIMENTOS S.A.;024228;DF Consolidado - Demonstração de Valor Adicionado;REAL;MIL;PENÚLTIMO;2021-03-01;2022-02-28;7.06.02;Receitas Financeiras;218319.0000000000;S
64.904.295/0001-03;2023-02-28;1;CAMIL ALIMENTOS S.A.;024228;DF Consolidado - Demonstração de Valor Adicionado;REAL;MIL;ÚLTIMO;2022-03-01;2023-02-28;7.06.02;Receitas Financeiras;301981.0000000000;S
64.904.295/0001-03;2023-02-28;1;CAMIL ALIMENTOS S.A.;024228;DF Consolidado - Demonstração de Valor Adicionado;REAL;MIL;PENÚLTIMO;2021-03-01;2022-02-28;7.06.03;Outros;0.0000000000;S
64.904.295/0001-03;2023-02-28;1;CAMIL ALIMENTOS S.A.;024228;DF Consolidado - Demonstração de Valor Adicionado;REAL;MIL;ÚLTIMO;2022-03-01;2023-02-28;7.06.03;Outros;198280.0000000000;S
64.904.295/0001-03;2023-02-28;1;CAMIL ALIMENTOS S.A.;024228;DF Consolidado - Demonstração de Valor Adicionado;REAL;MIL;PENÚLTIMO;2021-03-01;2022-02-28;7.07;Valor Adicionado Total a Distribuir;2120182.0000000000;S
64.904.295/0001-03;2023-02-28;1;CAMIL ALIMENTOS S.A.;024228;DF Consolidado - Demonstração de Valor Adicionado;REAL;MIL;ÚLTIMO;2022-03-01;2023-02-28;7.07;Valor Adicionado Total a Distribuir;2515805.0000000000;S
64.904.295/0001-03;2023-02-28;1;CAMIL ALIMENTOS S.A.;024228;DF Consolidado - Demonstração de Valor Adicionado;REAL;MIL;PENÚLTIMO;2021-03-01;2022-02-28;7.08;Distribuição do Valor Adicionado;2120182.0000000000;S
64.904.295/0001-03;2023-02-28;1;CAMIL ALIMENTOS S.A.;024228;DF Consolidado - Demonstração de Valor Adicionado;REAL;MIL;ÚLTIMO;2022-03-01;2023-02-28;7.08;Distribuição do Valor Adicionado;2515805.0000000000;S
64.904.295/0001-03;2023-02-28;1;CAMIL ALIMENTOS S.A.;024228;DF Consolidado - Demonstração de Valor Adicionado;REAL;MIL;PENÚLTIMO;2021-03-01;2022-02-28;7.08.01;Pessoal;538066.0000000000;S
64.904.295/0001-03;2023-02-28;1;CAMIL ALIMENTOS S.A.;024228;DF Consolidado - Demonstração de Valor Adicionado;REAL;MIL;ÚLTIMO;2022-03-01;2023-02-28;7.08.01;Pessoal;690383.0000000000;S
64.904.295/0001-03;2023-02-28;1;CAMIL ALIMENTOS S.A.;024228;DF Consolidado - Demonstração de Valor Adicionado;REAL;MIL;PENÚLTIMO;2021-03-01;2022-02-28;7.08.01.01;Remuneração Direta;403790.0000000000;S
64.904.295/0001-03;2023-02-28;1;CAMIL ALIMENTOS S.A.;024228;DF Consolidado - Demonstração de Valor Adicionado;REAL;MIL;ÚLTIMO;2022-03-01;2023-02-28;7.08.01.01;Remuneração Direta;495605.0000000000;S
64.904.295/0001-03;2023-02-28;1;CAMIL ALIMENTOS S.A.;024228;DF Consolidado - Demonstração de Valor Adicionado;REAL;MIL;PENÚLTIMO;2021-03-01;2022-02-28;7.08.01.02;Benefícios;106233.0000000000;S
64.904.295/0001-03;2023-02-28;1;CAMIL ALIMENTOS S.A.;024228;DF Consolidado - Demonstração de Valor Adicionado;REAL;MIL;ÚLTIMO;2022-03-01;2023-02-28;7.08.01.02;Benefícios;151908.0000000000;S
64.904.295/0001-03;2023-02-28;1;CAMIL ALIMENTOS S.A.;024228;DF Consolidado - Demonstração de Valor Adicionado;REAL;MIL;PENÚLTIMO;2021-03-01;2022-02-28;7.08.01.03;F.G.T.S.;19254.0000000000;S
64.904.295/0001-03;2023-02-28;1;CAMIL ALIMENTOS S.A.;024228;DF Consolidado - Demonstração de Valor Adicionado;REAL;MIL;ÚLTIMO;2022-03-01;2023-02-28;7.08.01.03;F.G.T.S.;25460.0000000000;S
64.904.295/0001-03;2023-02-28;1;CAMIL ALIMENTOS S.A.;024228;DF Consolidado - Demonstração de Valor Adicionado;REAL;MIL;PENÚLTIMO;2021-03-01;2022-02-28;7.08.01.04;Outros;8789.0000000000;S
64.904.295/0001-03;2023-02-28;1;CAMIL ALIMENTOS S.A.;024228;DF Consolidado - Demonstração de Valor Adicionado;REAL;MIL;ÚLTIMO;2022-03-01;2023-02-28;7.08.01.04;Outros;17410.0000000000;S
64.904.295/0001-03;2023-02-28;1;CAMIL ALIMENTOS S.A.;024228;DF Consolidado - Demonstração de Valor Adicionado;REAL;MIL;PENÚLTIMO;2021-03-01;2022-02-28;7.08.02;Impostos, Taxas e Contribuições;753506.0000000000;S
64.904.295/0001-03;2023-02-28;1;CAMIL ALIMENTOS S.A.;024228;DF Consolidado - Demonstração de Valor Adicionado;REAL;MIL;ÚLTIMO;2022-03-01;2023-02-28;7.08.02;Impostos, Taxas e Contribuições;878696.0000000000;S
64.904.295/0001-03;2023-02-28;1;CAMIL ALIMENTOS S.A.;024228;DF Consolidado - Demonstração de Valor Adicionado;REAL;MIL;PENÚLTIMO;2021-03-01;2022-02-28;7.08.02.01;Federais;181335.0000000000;S
64.904.295/0001-03;2023-02-28;1;CAMIL ALIMENTOS S.A.;024228;DF Consolidado - Demonstração de Valor Adicionado;REAL;MIL;ÚLTIMO;2022-03-01;2023-02-28;7.08.02.01;Federais;244372.0000000000;S
64.904.295/0001-03;2023-02-28;1;CAMIL ALIMENTOS S.A.;024228;DF Consolidado - Demonstração de Valor Adicionado;REAL;MIL;PENÚLTIMO;2021-03-01;2022-02-28;7.08.02.02;Estaduais;559490.0000000000;S
64.904.295/0001-03;2023-02-28;1;CAMIL ALIMENTOS S.A.;024228;DF Consolidado - Demonstração de Valor Adicionado;REAL;MIL;ÚLTIMO;2022-03-01;2023-02-28;7.08.02.02;Estaduais;621393.0000000000;S
64.904.295/0001-03;2023-02-28;1;CAMIL ALIMENTOS S.A.;024228;DF Consolidado - Demonstração de Valor Adicionado;REAL;MIL;PENÚLTIMO;2021-03-01;2022-02-28;7.08.02.03;Municipais;12681.0000000000;S
64.904.295/0001-03;2023-02-28;1;CAMIL ALIMENTOS S.A.;024228;DF Consolidado - Demonstração de Valor Adicionado;REAL;MIL;ÚLTIMO;2022-03-01;2023-02-28;7.08.02.03;Municipais;12931.0000000000;S
64.904.295/0001-03;2023-02-28;1;CAMIL ALIMENTOS S.A.;024228;DF Consolidado - Demonstração de Valor Adicionado;REAL;MIL;PENÚLTIMO;2021-03-01;2022-02-28;7.08.03;Remuneração de Capitais de Terceiros;349889.0000000000;S
64.904.295/0001-03;2023-02-28;1;CAMIL ALIMENTOS S.A.;024228;DF Consolidado - Demonstração de Valor Adicionado;REAL;MIL;ÚLTIMO;2022-03-01;2023-02-28;7.08.03;Remuneração de Capitais de Terceiros;593042.0000000000;S
64.904.295/0001-03;2023-02-28;1;CAMIL ALIMENTOS S.A.;024228;DF Consolidado - Demonstração de Valor Adicionado;REAL;MIL;PENÚLTIMO;2021-03-01;2022-02-28;7.08.03.01;Juros;333334.0000000000;S
64.904.295/0001-03;2023-02-28;1;CAMIL ALIMENTOS S.A.;024228;DF Consolidado - Demonstração de Valor Adicionado;REAL;MIL;ÚLTIMO;2022-03-01;2023-02-28;7.08.03.01;Juros;574355.0000000000;S
64.904.295/0001-03;2023-02-28;1;CAMIL ALIMENTOS S.A.;024228;DF Consolidado - Demonstração de Valor Adicionado;REAL;MIL;PENÚLTIMO;2021-03-01;2022-02-28;7.08.03.02;Aluguéis;5176.0000000000;S
64.904.295/0001-03;2023-02-28;1;CAMIL ALIMENTOS S.A.;024228;DF Consolidado - Demonstração de Valor Adicionado;REAL;MIL;ÚLTIMO;2022-03-01;2023-02-28;7.08.03.02;Aluguéis;10984.0000000000;S
64.904.295/0001-03;2023-02-28;1;CAMIL ALIMENTOS S.A.;024228;DF Consolidado - Demonstração de Valor Adicionado;REAL;MIL;PENÚLTIMO;2021-03-01;2022-02-28;7.08.03.03;Outras;11379.0000000000;S
64.904.295/0001-03;2023-02-28;1;CAMIL ALIMENTOS S.A.;024228;DF Consolidado - Demonstração de Valor Adicionado;REAL;MIL;ÚLTIMO;2022-03-01;2023-02-28;7.08.03.03;Outras;7703.0000000000;S
64.904.295/0001-03;2023-02-28;1;CAMIL ALIMENTOS S.A.;024228;DF Consolidado - Demonstração de Valor Adicionado;REAL;MIL;PENÚLTIMO;2021-03-01;2022-02-28;7.08.04;Remuneração de Capitais Próprios;478721.0000000000;S
64.904.295/0001-03;2023-02-28;1;CAMIL ALIMENTOS S.A.;024228;DF Consolidado - Demonstração de Valor Adicionado;REAL;MIL;ÚLTIMO;2022-03-01;2023-02-28;7.08.04;Remuneração de Capitais Próprios;353684.0000000000;S
64.904.295/0001-03;2023-02-28;1;CAMIL ALIMENTOS S.A.;024228;DF Consolidado - Demonstração de Valor Adicionado;REAL;MIL;PENÚLTIMO;2021-03-01;2022-02-28;7.08.04.01;Juros sobre o Capital Próprio;75000.0000000000;S
64.904.295/0001-03;2023-02-28;1;CAMIL ALIMENTOS S.A.;024228;DF Consolidado - Demonstração de Valor Adicionado;REAL;MIL;ÚLTIMO;2022-03-01;2023-02-28;7.08.04.01;Juros sobre o Capital Próprio;100000.0000000000;S
64.904.295/0001-03;2023-02-28;1;CAMIL ALIMENTOS S.A.;024228;DF Consolidado - Demonstração de Valor Adicionado;REAL;MIL;PENÚLTIMO;2021-03-01;2022-02-28;7.08.04.02;Dividendos;0.0000000000;S
64.904.295/0001-03;2023-02-28;1;CAMIL ALIMENTOS S.A.;024228;DF Consolidado - Demonstração de Valor Adicionado;REAL;MIL;ÚLTIMO;2022-03-01;2023-02-28;7.08.04.02;Dividendos;30000.0000000000;S
64.904.295/0001-03;2023-02-28;1;CAMIL ALIMENTOS S.A.;024228;DF Consolidado - Demonstração de Valor Adicionado;REAL;MIL;PENÚLTIMO;2021-03-01;2022-02-28;7.08.04.03;Lucros Retidos / Prejuízo do Período;402784.0000000000;S
64.904.295/0001-03;2023-02-28;1;CAMIL ALIMENTOS S.A.;024228;DF Consolidado - Demonstração de Valor Adicionado;REAL;MIL;ÚLTIMO;2022-03-01;2023-02-28;7.08.04.03;Lucros Retidos / Prejuízo do Período;223421.0000000000;S
64.904.295/0001-03;2023-02-28;1;CAMIL ALIMENTOS S.A.;024228;DF Consolidado - Demonstração de Valor Adicionado;REAL;MIL;PENÚLTIMO;2021-03-01;2022-02-28;7.08.04.04;Part. Não Controladores nos Lucros Retidos;937.0000000000;S
64.904.295/0001-03;2023-02-28;1;CAMIL ALIMENTOS S.A.;024228;DF Consolidado - Demonstração de Valor Adicionado;REAL;MIL;ÚLTIMO;2022-03-01;2023-02-28;7.08.04.04;Part. Não Controladores nos Lucros Retidos;263.0000000000;S
64.904.295/0001-03;2023-02-28;1;CAMIL ALIMENTOS S.A.;024228;DF Consolidado - Demonstração de Valor Adicionado;REAL;MIL;PENÚLTIMO;2021-03-01;2022-02-28;7.08.05;Outros;0.0000000000;S
64.904.295/0001-03;2023-02-28;1;CAMIL ALIMENTOS S.A.;024228;DF Consolidado - Demonstração de Valor Adicionado;REAL;MIL;ÚLTIMO;2022-03-01;2023-02-28;7.08.05;Outros;0.0000000000;S
71.476.527/0001-35;2023-03-31;1;CONSTRUTORA TENDA S.A.;021148;DF Consolidado - Demonstração de Valor Adicionado;REAL;MIL;PENÚLTIMO;2022-01-01;2022-12-31;7.01;Receitas;2453898.0000000000;S
71.476.527/0001-35;2023-03-31;1;CONSTRUTORA TENDA S.A.;021148;DF Consolidado - Demonstração de Valor Adicionado;REAL;MIL;ÚLTIMO;2023-01-01;2023-03-31;7.01;Receitas;662896.0000000000;S
71.476.527/0001-35;2023-03-31;1;CONSTRUTORA TENDA S.A.;021148;DF Consolidado - Demonstração de Valor Adicionado;REAL;MIL;PENÚLTIMO;2022-01-01;2022-12-31;7.01.01;Vendas de Mercadorias, Produtos e Serviços;2522341.0000000000;S
71.476.527/0001-35;2023-03-31;1;CONSTRUTORA TENDA S.A.;021148;DF Consolidado - Demonstração de Valor Adicionado;REAL;MIL;ÚLTIMO;2023-01-01;2023-03-31;7.01.01;Vendas de Mercadorias, Produtos e Serviços;639666.0000000000;S
71.476.527/0001-35;2023-03-31;1;CONSTRUTORA TENDA S.A.;021148;DF Consolidado - Demonstração de Valor Adicionado;REAL;MIL;PENÚLTIMO;2022-01-01;2022-12-31;7.01.02;Outras Receitas;0.0000000000;S
71.476.527/0001-35;2023-03-31;1;CONSTRUTORA TENDA S.A.;021148;DF Consolidado - Demonstração de Valor Adicionado;REAL;MIL;ÚLTIMO;2023-01-01;2023-03-31;7.01.02;Outras Receitas;0.0000000000;S
71.476.527/0001-35;2023-03-31;1;CONSTRUTORA TENDA S.A.;021148;DF Consolidado - Demonstração de Valor Adicionado;REAL;MIL;PENÚLTIMO;2022-01-01;2022-12-31;7.01.03;Receitas refs. à Construção de Ativos Próprios;0.0000000000;S
71.476.527/0001-35;2023-03-31;1;CONSTRUTORA TENDA S.A.;021148;DF Consolidado - Demonstração de Valor Adicionado;REAL;MIL;ÚLTIMO;2023-01-01;2023-03-31;7.01.03;Receitas refs. à Construção de Ativos Próprios;0.0000000000;S
71.476.527/0001-35;2023-03-31;1;CONSTRUTORA TENDA S.A.;021148;DF Consolidado - Demonstração de Valor Adicionado;REAL;MIL;PENÚLTIMO;2022-01-01;2022-12-31;7.01.04;Provisão/Reversão de Créds. Liquidação Duvidosa;-68443.0000000000;S
71.476.527/0001-35;2023-03-31;1;CONSTRUTORA TENDA S.A.;021148;DF Consolidado - Demonstração de Valor Adicionado;REAL;MIL;ÚLTIMO;2023-01-01;2023-03-31;7.01.04;Provisão/Reversão de Créds. Liquidação Duvidosa;23230.0000000000;S
71.476.527/0001-35;2023-03-31;1;CONSTRUTORA TENDA S.A.;021148;DF Consolidado - Demonstração de Valor Adicionado;REAL;MIL;PENÚLTIMO;2022-01-01;2022-12-31;7.02;Insumos Adquiridos de Terceiros;-2446972.0000000000;S
71.476.527/0001-35;2023-03-31;1;CONSTRUTORA TENDA S.A.;021148;DF Consolidado - Demonstração de Valor Adicionado;REAL;MIL;ÚLTIMO;2023-01-01;2023-03-31;7.02;Insumos Adquiridos de Terceiros;-492750.0000000000;S
71.476.527/0001-35;2023-03-31;1;CONSTRUTORA TENDA S.A.;021148;DF Consolidado - Demonstração de Valor Adicionado;REAL;MIL;PENÚLTIMO;2022-01-01;2022-12-31;7.02.01;Custos Prods., Mercs. e Servs. Vendidos;-2056432.0000000000;S
71.476.527/0001-35;2023-03-31;1;CONSTRUTORA TENDA S.A.;021148;DF Consolidado - Demonstração de Valor Adicionado;REAL;MIL;ÚLTIMO;2023-01-01;2023-03-31;7.02.01;Custos Prods., Mercs. e Servs. Vendidos;-498453.0000000000;S
71.476.527/0001-35;2023-03-31;1;CONSTRUTORA TENDA S.A.;021148;DF Consolidado - Demonstração de Valor Adicionado;REAL;MIL;PENÚLTIMO;2022-01-01;2022-12-31;7.02.02;Materiais, Energia, Servs. de Terceiros e Outros;-390540.0000000000;S
71.476.527/0001-35;2023-03-31;1;CONSTRUTORA TENDA S.A.;021148;DF Consolidado - Demonstração de Valor Adicionado;REAL;MIL;ÚLTIMO;2023-01-01;2023-03-31;7.02.02;Materiais, Energia, Servs. de Terceiros e Outros;5703.0000000000;S
71.476.527/0001-35;2023-03-31;1;CONSTRUTORA TENDA S.A.;021148;DF Consolidado - Demonstração de Valor Adicionado;REAL;MIL;PENÚLTIMO;2022-01-01;2022-12-31;7.02.03;Perda/Recuperação de Valores Ativos;0.0000000000;S
71.476.527/0001-35;2023-03-31;1;CONSTRUTORA TENDA S.A.;021148;DF Consolidado - Demonstração de Valor Adicionado;REAL;MIL;ÚLTIMO;2023-01-01;2023-03-31;7.02.03;Perda/Recuperação de Valores Ativos;0.0000000000;S
71.476.527/0001-35;2023-03-31;1;CONSTRUTORA TENDA S.A.;021148;DF Consolidado - Demonstração de Valor Adicionado;REAL;MIL;PENÚLTIMO;2022-01-01;2022-12-31;7.02.04;Outros;0.0000000000;S
71.476.527/0001-35;2023-03-31;1;CONSTRUTORA TENDA S.A.;021148;DF Consolidado - Demonstração de Valor Adicionado;REAL;MIL;ÚLTIMO;2023-01-01;2023-03-31;7.02.04;Outros;0.0000000000;S
71.476.527/0001-35;2023-03-31;1;CONSTRUTORA TENDA S.A.;021148;DF Consolidado - Demonstração de Valor Adicionado;REAL;MIL;PENÚLTIMO;2022-01-01;2022-12-31;7.03;Valor Adicionado Bruto;6926.0000000000;S
71.476.527/0001-35;2023-03-31;1;CONSTRUTORA TENDA S.A.;021148;DF Consolidado - Demonstração de Valor Adicionado;REAL;MIL;ÚLTIMO;2023-01-01;2023-03-31;7.03;Valor Adicionado Bruto;170146.0000000000;S
71.476.527/0001-35;2023-03-31;1;CONSTRUTORA TENDA S.A.;021148;DF Consolidado - Demonstração de Valor Adicionado;REAL;MIL;PENÚLTIMO;2022-01-01;2022-12-31;7.04;Retenções;-56058.0000000000;S
71.476.527/0001-35;2023-03-31;1;CONSTRUTORA TENDA S.A.;021148;DF Consolidado - Demonstração de Valor Adicionado;REAL;MIL;ÚLTIMO;2023-01-01;2023-03-31;7.04;Retenções;-14599.0000000000;S
71.476.527/0001-35;2023-03-31;1;CONSTRUTORA TENDA S.A.;021148;DF Consolidado - Demonstração de Valor Adicionado;REAL;MIL;PENÚLTIMO;2022-01-01;2022-12-31;7.04.01;Depreciação, Amortização e Exaustão;-56058.0000000000;S
71.476.527/0001-35;2023-03-31;1;CONSTRUTORA TENDA S.A.;021148;DF Consolidado - Demonstração de Valor Adicionado;REAL;MIL;ÚLTIMO;2023-01-01;2023-03-31;7.04.01;Depreciação, Amortização e Exaustão;-14599.0000000000;S
71.476.527/0001-35;2023-03-31;1;CONSTRUTORA TENDA S.A.;021148;DF Consolidado - Demonstração de Valor Adicionado;REAL;MIL;PENÚLTIMO;2022-01-01;2022-12-31;7.04.02;Outras;0.0000000000;S
71.476.527/0001-35;2023-03-31;1;CONSTRUTORA TENDA S.A.;021148;DF Consolidado - Demonstração de Valor Adicionado;REAL;MIL;ÚLTIMO;2023-01-01;2023-03-31;7.04.02;Outras;0.0000000000;S
71.476.527/0001-35;2023-03-31;1;CONSTRUTORA TENDA S.A.;021148;DF Consolidado - Demonstração de Valor Adicionado;REAL;MIL;PENÚLTIMO;2022-01-01;2022-12-31;7.05;Valor Adicionado Líquido Produzido;-49132.0000000000;S
71.476.527/0001-35;2023-03-31;1;CONSTRUTORA TENDA S.A.;021148;DF Consolidado - Demonstração de Valor Adicionado;REAL;MIL;ÚLTIMO;2023-01-01;2023-03-31;7.05;Valor Adicionado Líquido Produzido;155547.0000000000;S
71.476.527/0001-35;2023-03-31;1;CONSTRUTORA TENDA S.A.;021148;DF Consolidado - Demonstração de Valor Adicionado;REAL;MIL;PENÚLTIMO;2022-01-01;2022-12-31;7.06;Vlr Adicionado Recebido em Transferência;49634.0000000000;S
71.476.527/0001-35;2023-03-31;1;CONSTRUTORA TENDA S.A.;021148;DF Consolidado - Demonstração de Valor Adicionado;REAL;MIL;ÚLTIMO;2023-01-01;2023-03-31;7.06;Vlr Adicionado Recebido em Transferência;13267.0000000000;S
71.476.527/0001-35;2023-03-31;1;CONSTRUTORA TENDA S.A.;021148;DF Consolidado - Demonstração de Valor Adicionado;REAL;MIL;PENÚLTIMO;2022-01-01;2022-12-31;7.06.01;Resultado de Equivalência Patrimonial;-7381.0000000000;S
71.476.527/0001-35;2023-03-31;1;CONSTRUTORA TENDA S.A.;021148;DF Consolidado - Demonstração de Valor Adicionado;REAL;MIL;ÚLTIMO;2023-01-01;2023-03-31;7.06.01;Resultado de Equivalência Patrimonial;303.0000000000;S
71.476.527/0001-35;2023-03-31;1;CONSTRUTORA TENDA S.A.;021148;DF Consolidado - Demonstração de Valor Adicionado;REAL;MIL;PENÚLTIMO;2022-01-01;2022-12-31;7.06.02;Receitas Financeiras;57015.0000000000;S
71.476.527/0001-35;2023-03-31;1;CONSTRUTORA TENDA S.A.;021148;DF Consolidado - Demonstração de Valor Adicionado;REAL;MIL;ÚLTIMO;2023-01-01;2023-03-31;7.06.02;Receitas Financeiras;12964.0000000000;S
71.476.527/0001-35;2023-03-31;1;CONSTRUTORA TENDA S.A.;021148;DF Consolidado - Demonstração de Valor Adicionado;REAL;MIL;PENÚLTIMO;2022-01-01;2022-12-31;7.06.03;Outros;0.0000000000;S
71.476.527/0001-35;2023-03-31;1;CONSTRUTORA TENDA S.A.;021148;DF Consolidado - Demonstração de Valor Adicionado;REAL;MIL;ÚLTIMO;2023-01-01;2023-03-31;7.06.03;Outros;0.0000000000;S
71.476.527/0001-35;2023-03-31;1;CONSTRUTORA TENDA S.A.;021148;DF Consolidado - Demonstração de Valor Adicionado;REAL;MIL;PENÚLTIMO;2022-01-01;2022-12-31;7.07;Valor Adicionado Total a Distribuir;502.0000000000;S
71.476.527/0001-35;2023-03-31;1;CONSTRUTORA TENDA S.A.;021148;DF Consolidado - Demonstração de Valor Adicionado;REAL;MIL;ÚLTIMO;2023-01-01;2023-03-31;7.07;Valor Adicionado Total a Distribuir;168814.0000000000;S
71.476.527/0001-35;2023-03-31;1;CONSTRUTORA TENDA S.A.;021148;DF Consolidado - Demonstração de Valor Adicionado;REAL;MIL;PENÚLTIMO;2022-01-01;2022-12-31;7.08;Distribuição do Valor Adicionado;502.0000000000;S
71.476.527/0001-35;2023-03-31;1;CONSTRUTORA TENDA S.A.;021148;DF Consolidado - Demonstração de Valor Adicionado;REAL;MIL;ÚLTIMO;2023-01-01;2023-03-31;7.08;Distribuição do Valor Adicionado;168814.0000000000;S
71.476.527/0001-35;2023-03-31;1;CONSTRUTORA TENDA S.A.;021148;DF Consolidado - Demonstração de Valor Adicionado;REAL;MIL;PENÚLTIMO;2022-01-01;2022-12-31;7.08.01;Pessoal;141018.0000000000;S
71.476.527/0001-35;2023-03-31;1;CONSTRUTORA TENDA S.A.;021148;DF Consolidado - Demonstração de Valor Adicionado;REAL;MIL;ÚLTIMO;2023-01-01;2023-03-31;7.08.01;Pessoal;92970.0000000000;S
71.476.527/0001-35;2023-03-31;1;CONSTRUTORA TENDA S.A.;021148;DF Consolidado - Demonstração de Valor Adicionado;REAL;MIL;PENÚLTIMO;2022-01-01;2022-12-31;7.08.01.01;Remuneração Direta;119801.0000000000;S
71.476.527/0001-35;2023-03-31;1;CONSTRUTORA TENDA S.A.;021148;DF Consolidado - Demonstração de Valor Adicionado;REAL;MIL;ÚLTIMO;2023-01-01;2023-03-31;7.08.01.01;Remuneração Direta;71753.0000000000;S
71.476.527/0001-35;2023-03-31;1;CONSTRUTORA TENDA S.A.;021148;DF Consolidado - Demonstração de Valor Adicionado;REAL;MIL;PENÚLTIMO;2022-01-01;2022-12-31;7.08.01.02;Benefícios;14381.0000000000;S
71.476.527/0001-35;2023-03-31;1;CONSTRUTORA TENDA S.A.;021148;DF Consolidado - Demonstração de Valor Adicionado;REAL;MIL;ÚLTIMO;2023-01-01;2023-03-31;7.08.01.02;Benefícios;14381.0000000000;S
71.476.527/0001-35;2023-03-31;1;CONSTRUTORA TENDA S.A.;021148;DF Consolidado - Demonstração de Valor Adicionado;REAL;MIL;PENÚLTIMO;2022-01-01;2022-12-31;7.08.01.03;F.G.T.S.;6836.0000000000;S
71.476.527/0001-35;2023-03-31;1;CONSTRUTORA TENDA S.A.;021148;DF Consolidado - Demonstração de Valor Adicionado;REAL;MIL;ÚLTIMO;2023-01-01;2023-03-31;7.08.01.03;F.G.T.S.;6836.0000000000;S
71.476.527/0001-35;2023-03-31;1;CONSTRUTORA TENDA S.A.;021148;DF Consolidado - Demonstração de Valor Adicionado;REAL;MIL;PENÚLTIMO;2022-01-01;2022-12-31;7.08.01.04;Outros;0.0000000000;S
71.476.527/0001-35;2023-03-31;1;CONSTRUTORA TENDA S.A.;021148;DF Consolidado - Demonstração de Valor Adicionado;REAL;MIL;ÚLTIMO;2023-01-01;2023-03-31;7.08.01.04;Outros;0.0000000000;S
71.476.527/0001-35;2023-03-31;1;CONSTRUTORA TENDA S.A.;021148;DF Consolidado - Demonstração de Valor Adicionado;REAL;MIL;PENÚLTIMO;2022-01-01;2022-12-31;7.08.02;Impostos, Taxas e Contribuições;103124.0000000000;S
71.476.527/0001-35;2023-03-31;1;CONSTRUTORA TENDA S.A.;021148;DF Consolidado - Demonstração de Valor Adicionado;REAL;MIL;ÚLTIMO;2023-01-01;2023-03-31;7.08.02;Impostos, Taxas e Contribuições;37843.0000000000;S
71.476.527/0001-35;2023-03-31;1;CONSTRUTORA TENDA S.A.;021148;DF Consolidado - Demonstração de Valor Adicionado;REAL;MIL;PENÚLTIMO;2022-01-01;2022-12-31;7.08.02.01;Federais;103085.0000000000;S
71.476.527/0001-35;2023-03-31;1;CONSTRUTORA TENDA S.A.;021148;DF Consolidado - Demonstração de Valor Adicionado;REAL;MIL;ÚLTIMO;2023-01-01;2023-03-31;7.08.02.01;Federais;37804.0000000000;S
71.476.527/0001-35;2023-03-31;1;CONSTRUTORA TENDA S.A.;021148;DF Consolidado - Demonstração de Valor Adicionado;REAL;MIL;PENÚLTIMO;2022-01-01;2022-12-31;7.08.02.02;Estaduais;0.0000000000;S
71.476.527/0001-35;2023-03-31;1;CONSTRUTORA TENDA S.A.;021148;DF Consolidado - Demonstração de Valor Adicionado;REAL;MIL;ÚLTIMO;2023-01-01;2023-03-31;7.08.02.02;Estaduais;0.0000000000;S
71.476.527/0001-35;2023-03-31;1;CONSTRUTORA TENDA S.A.;021148;DF Consolidado - Demonstração de Valor Adicionado;REAL;MIL;PENÚLTIMO;2022-01-01;2022-12-31;7.08.02.03;Municipais;39.0000000000;S
71.476.527/0001-35;2023-03-31;1;CONSTRUTORA TENDA S.A.;021148;DF Consolidado - Demonstração de Valor Adicionado;REAL;MIL;ÚLTIMO;2023-01-01;2023-03-31;7.08.02.03;Municipais;39.0000000000;S
71.476.527/0001-35;2023-03-31;1;CONSTRUTORA TENDA S.A.;021148;DF Consolidado - Demonstração de Valor Adicionado;REAL;MIL;PENÚLTIMO;2022-01-01;2022-12-31;7.08.03;Remuneração de Capitais de Terceiros;312075.0000000000;S
71.476.527/0001-35;2023-03-31;1;CONSTRUTORA TENDA S.A.;021148;DF Consolidado - Demonstração de Valor Adicionado;REAL;MIL;ÚLTIMO;2023-01-01;2023-03-31;7.08.03;Remuneração de Capitais de Terceiros;81685.0000000000;S
71.476.527/0001-35;2023-03-31;1;CONSTRUTORA TENDA S.A.;021148;DF Consolidado - Demonstração de Valor Adicionado;REAL;MIL;PENÚLTIMO;2022-01-01;2022-12-31;7.08.03.01;Juros;312075.0000000000;S
71.476.527/0001-35;2023-03-31;1;CONSTRUTORA TENDA S.A.;021148;DF Consolidado - Demonstração de Valor Adicionado;REAL;MIL;ÚLTIMO;2023-01-01;2023-03-31;7.08.03.01;Juros;81685.0000000000;S
71.476.527/0001-35;2023-03-31;1;CONSTRUTORA TENDA S.A.;021148;DF Consolidado - Demonstração de Valor Adicionado;REAL;MIL;PENÚLTIMO;2022-01-01;2022-12-31;7.08.03.02;Aluguéis;0.0000000000;S
71.476.527/0001-35;2023-03-31;1;CONSTRUTORA TENDA S.A.;021148;DF Consolidado - Demonstração de Valor Adicionado;REAL;MIL;ÚLTIMO;2023-01-01;2023-03-31;7.08.03.02;Aluguéis;0.0000000000;S
71.476.527/0001-35;2023-03-31;1;CONSTRUTORA TENDA S.A.;021148;DF Consolidado - Demonstração de Valor Adicionado;REAL;MIL;PENÚLTIMO;2022-01-01;2022-12-31;7.08.03.03;Outras;0.0000000000;S
71.476.527/0001-35;2023-03-31;1;CONSTRUTORA TENDA S.A.;021148;DF Consolidado - Demonstração de Valor Adicionado;REAL;MIL;ÚLTIMO;2023-01-01;2023-03-31;7.08.03.03;Outras;0.0000000000;S
71.476.527/0001-35;2023-03-31;1;CONSTRUTORA TENDA S.A.;021148;DF Consolidado - Demonstração de Valor Adicionado;REAL;MIL;PENÚLTIMO;2022-01-01;2022-12-31;7.08.04;Remuneração de Capitais Próprios;-555715.0000000000;S
71.476.527/0001-35;2023-03-31;1;CONSTRUTORA TENDA S.A.;021148;DF Consolidado - Demonstração de Valor Adicionado;REAL;MIL;ÚLTIMO;2023-01-01;2023-03-31;7.08.04;Remuneração de Capitais Próprios;-43684.0000000000;S
71.476.527/0001-35;2023-03-31;1;CONSTRUTORA TENDA S.A.;021148;DF Consolidado - Demonstração de Valor Adicionado;REAL;MIL;PENÚLTIMO;2022-01-01;2022-12-31;7.08.04.01;Juros sobre o Capital Próprio;0.0000000000;S
71.476.527/0001-35;2023-03-31;1;CONSTRUTORA TENDA S.A.;021148;DF Consolidado - Demonstração de Valor Adicionado;REAL;MIL;ÚLTIMO;2023-01-01;2023-03-31;7.08.04.01;Juros sobre o Capital Próprio;0.0000000000;S
71.476.527/0001-35;2023-03-31;1;CONSTRUTORA TENDA S.A.;021148;DF Consolidado - Demonstração de Valor Adicionado;REAL;MIL;PENÚLTIMO;2022-01-01;2022-12-31;7.08.04.02;Dividendos;0.0000000000;S
71.476.527/0001-35;2023-03-31;1;CONSTRUTORA TENDA S.A.;021148;DF Consolidado - Demonstração de Valor Adicionado;REAL;MIL;ÚLTIMO;2023-01-01;2023-03-31;7.08.04.02;Dividendos;0.0000000000;S
71.476.527/0001-35;2023-03-31;1;CONSTRUTORA TENDA S.A.;021148;DF Consolidado - Demonstração de Valor Adicionado;REAL;MIL;PENÚLTIMO;2022-01-01;2022-12-31;7.08.04.03;Lucros Retidos / Prejuízo do Período;-547304.0000000000;S
71.476.527/0001-35;2023-03-31;1;CONSTRUTORA TENDA S.A.;021148;DF Consolidado - Demonstração de Valor Adicionado;REAL;MIL;ÚLTIMO;2023-01-01;2023-03-31;7.08.04.03;Lucros Retidos / Prejuízo do Período;-41902.0000000000;S
71.476.527/0001-35;2023-03-31;1;CONSTRUTORA TENDA S.A.;021148;DF Consolidado - Demonstração de Valor Adicionado;REAL;MIL;PENÚLTIMO;2022-01-01;2022-12-31;7.08.04.04;Part. Não Controladores nos Lucros Retidos;-8411.0000000000;S
71.476.527/0001-35;2023-03-31;1;CONSTRUTORA TENDA S.A.;021148;DF Consolidado - Demonstração de Valor Adicionado;REAL;MIL;ÚLTIMO;2023-01-01;2023-03-31;7.08.04.04;Part. Não Controladores nos Lucros Retidos;-1782.0000000000;S
71.476.527/0001-35;2023-03-31;1;CONSTRUTORA TENDA S.A.;021148;DF Consolidado - Demonstração de Valor Adicionado;REAL;MIL;PENÚLTIMO;2022-01-01;2022-12-31;7.08.05;Outros;0.0000000000;S
71.476.527/0001-35;2023-03-31;1;CONSTRUTORA TENDA S.A.;021148;DF Consolidado - Demonstração de Valor Adicionado;REAL;MIL;ÚLTIMO;2023-01-01;2023-03-31;7.08.05;Outros;0.0000000000;S
